adaptation_enabled,common_feature_count,eligible_post_evaluation_blocks,evaluation_initial_degradation,evaluation_mean_known_macro_f1,evaluation_mean_novel_auprc,evaluation_mean_resilience_score,evaluation_normalized_recovery_area,evaluation_pre_change_reference,evaluation_recovery_time_blocks,evaluation_window_count,evaluation_window_size,false_trigger_rate,fit_seconds,global_known_balanced_accuracy,global_known_macro_f1,global_known_mcc,global_novel_auprc,global_novel_auroc,global_resilience_score,initial_degradation,initial_known_classes,integrity_checks,label_budget_ceiling,label_budget_fraction,labels_queried,mean_known_macro_f1,mean_novel_auprc,mean_resilience_score,mean_source_forgetting,method,method_type,metric_contract_version,model_size_mb,normalized_recovery_area,novel_target_classes,peak_process_memory_mb,pre_change_reference,prediction_seconds,primary_normalized_recovery_area,recovery_time_evaluation_blocks,recovery_time_observations,recovery_time_windows,resilience_definition,run_name,scenario,seconds_per_target_observation,seed,source_dataset,source_exact_duplicates_removed_before_split,source_reference_macro_f1,stream_first_passage_recovery_time_windows,stream_initial_degradation,stream_mode,stream_normalized_recovery_area,stream_pre_change_reference,stream_window_size,target_dataset,target_rows,trigger_delay_windows,true_change_evaluation_window,true_change_window,update_seconds,updates,window_count,short_method,_summary_path,_config_path,_update_rule,_candidate_multiplier,_is_v015,_modified_time,drift_calibration,drift_trigger_windows,false_trigger_count,label_budget_utilization,pre_change_monitoring_windows,realized_label_fraction_target,update_windows,label_budget_mode,model_update_history,queried_label_totals,query_seed
True,48,20,0.6696666884736677,0.4309445526089397,,0.4309445526089397,0.3227653975983704,0.989226650245949,,24,5000,0.0,0.6008653000171762,0.36319705126067764,0.31597301816465356,0.46915292492364546,,,0.31597301816465356,0.6696666884736677,"['Benign', 'DoS', 'Exploits', 'Fuzzers', 'Generic', 'Reconnaissance']","{'change_boundary_aligned_to_evaluation_blocks': True, 'drift_calibration_excludes_target_labels': True, 'evaluation_uses_pre_update_predictions': True, 'initial_model_saw_novel_target_class_names': False, 'label_budget_respected': True, 'predictions_scored_before_updates': True, 'preprocessing_fit_on_source_only': True}",50,0.0,50,0.45831144644020533,,0.45831144644020533,0.0,paired_source_anchored_B050,prototype,1.2-decoupled-support-aware-evaluation,0.2716054916381836,0.3227653975983704,[],499.85546875,0.989226650245949,1.490505900233984,0.3227653975983704,,,,"mean(known-class macro-F1, novel safe-or-correct rate when novel rows occur), summarized over support-eligible evaluation blocks",E05_UNSW_paired_5seed_v015,supported_6class_capture_session_and_prevalence_shift,1.2420882501949867e-05,11,NF-UNSW-NB15-v3-Historical-Pilot,3030,0.3402745331018427,4,0.5255602344975323,chronological,0.35594821178121394,0.9891924583756577,500,NF-UNSW-NB15-v3-Future-Session-Aligned-Pilot,120000,1.0,4,40,0.010160199977690354,1,240,anchored_B050,C:\Users\ASUS\raids-nids\results\runs\E05_UNSW_paired_5seed_v015__NF-UNSW-NB15-v3-Historical-Pilot-to-NF-UNSW-NB15-v3-Future-Session-Aligned-Pilot__supported_6class_capture_session_and_prevalence_shift__paired_source_anchored_B050__seed11\summary.json,C:\Users\ASUS\raids-nids\results\runs\E05_UNSW_paired_5seed_v015__NF-UNSW-NB15-v3-Historical-Pilot-to-NF-UNSW-NB15-v3-Future-Session-Aligned-Pilot__supported_6class_capture_session_and_prevalence_shift__paired_source_anchored_B050__seed11\resolved_config.yaml,source_anchored,20,True,1784378037.595925,"{'calibration_end_window': 30, 'calibration_median': 0.06658449237060762, 'calibration_raw_mad': 0.010700847751783142, 'calibration_scaled_mad': 0.015865076876793685, 'calibration_start_window': 10, 'calibration_window_count': 20, 'consecutive_windows': 2, 'mad_multiplier': 3.0, 'mean_shift_threshold': 0.11417972300098868, 'monitoring_start_window': 30, 'one_shot': True, 'reference_end_window': 10, 'reference_mode': 'target_warmup', 'reference_start_window': 0, 'target_labels_used': False, 'threshold_method': 'median_plus_scaled_mad'}",[41],0.0,1.0,10.0,0.0004166666666666667,[41],absolute,"[{'anchor_max_alpha': 0.05, 'anchor_reliability_tau': 25.0, 'classes': {'Benign': {'alpha': 0.044092068645640074, 'cumulative_target_count': 39, 'incoming_count': 39, 'reason': 'anchored_update', 'reliability': 0.609375, 'source_anchor_weight': 500.0, 'updated': True}, 'DoS': {'alpha': 0.0, 'cumulative_target_count': 1, 'incoming_count': 1, 'reason': 'insufficient_target_support', 'updated': False}, 'Exploits': {'alpha': 0.0022950401632028557, 'cumulative_target_count': 6, 'incoming_count': 6, 'reason': 'anchored_update', 'reliability': 0.1935483870967742, 'source_anchor_weight': 500.0, 'updated': True}, 'Fuzzers': {'alpha': 0.0, 'cumulative_target_count': 2, 'incoming_count': 2, 'reason': 'insufficient_target_support', 'updated': False}, 'Generic': {'alpha': 0.0, 'cumulative_target_count': 1, 'incoming_count': 1, 'reason': 'insufficient_target_support', 'updated': False}, 'Reconnaissance': {'alpha': 0.0, 'cumulative_target_count': 1, 'incoming_count': 1, 'reason': 'insufficient_target_support', 'updated': False}}, 'minimum_target_samples_per_class': 5, 'update_rule': 'source_anchored'}]","{'Benign': 39, 'DoS': 1, 'Exploits': 6, 'Fuzzers': 2, 'Generic': 1, 'Reconnaissance': 1}",11.0
True,48,20,0.6703756301583346,0.43031006202206346,,0.43031006202206346,0.32199571685426376,0.989226650245949,,24,5000,0.0,0.6006265000032727,0.3626966087480617,0.3152880671054053,0.46687285220886166,,,0.3152880671054053,0.6703756301583346,"['Benign', 'DoS', 'Exploits', 'Fuzzers', 'Generic', 'Reconnaissance']","{'change_boundary_aligned_to_evaluation_blocks': True, 'drift_calibration_excludes_target_labels': True, 'evaluation_uses_pre_update_predictions': True, 'initial_model_saw_novel_target_class_names': False, 'label_budget_respected': True, 'predictions_scored_before_updates': True, 'preprocessing_fit_on_source_only': True}",200,0.0,200,0.45754232035356207,,0.45754232035356207,0.0,paired_source_anchored_B200,prototype,1.2-decoupled-support-aware-evaluation,0.2716054916381836,0.32199571685426376,[],500.21484375,0.989226650245949,1.4960858001431916,0.32199571685426376,,,,"mean(known-class macro-F1, novel safe-or-correct rate when novel rows occur), summarized over support-eligible evaluation blocks",E05_UNSW_paired_5seed_v015,supported_6class_capture_session_and_prevalence_shift,1.246738166785993e-05,11,NF-UNSW-NB15-v3-Historical-Pilot,3030,0.3402745331018427,4,0.5255602344975323,chronological,0.3550202770913117,0.9891924583756577,500,NF-UNSW-NB15-v3-Future-Session-Aligned-Pilot,120000,1.0,4,40,0.008174899994628504,1,240,anchored_B200,C:\Users\ASUS\raids-nids\results\runs\E05_UNSW_paired_5seed_v015__NF-UNSW-NB15-v3-Historical-Pilot-to-NF-UNSW-NB15-v3-Future-Session-Aligned-Pilot__supported_6class_capture_session_and_prevalence_shift__paired_source_anchored_B200__seed11\summary.json,C:\Users\ASUS\raids-nids\results\runs\E05_UNSW_paired_5seed_v015__NF-UNSW-NB15-v3-Historical-Pilot-to-NF-UNSW-NB15-v3-Future-Session-Aligned-Pilot__supported_6class_capture_session_and_prevalence_shift__paired_source_anchored_B200__seed11\resolved_config.yaml,source_anchored,20,True,1784378133.5975235,"{'calibration_end_window': 30, 'calibration_median': 0.06658449237060762, 'calibration_raw_mad': 0.010700847751783142, 'calibration_scaled_mad': 0.015865076876793685, 'calibration_start_window': 10, 'calibration_window_count': 20, 'consecutive_windows': 2, 'mad_multiplier': 3.0, 'mean_shift_threshold': 0.11417972300098868, 'monitoring_start_window': 30, 'one_shot': True, 'reference_end_window': 10, 'reference_mode': 'target_warmup', 'reference_start_window': 0, 'target_labels_used': False, 'threshold_method': 'median_plus_scaled_mad'}",[41],0.0,1.0,10.0,0.0016666666666666668,[41],absolute,"[{'anchor_max_alpha': 0.05, 'anchor_reliability_tau': 25.0, 'classes': {'Benign': {'alpha': 0.05, 'cumulative_target_count': 178, 'incoming_count': 178, 'reason': 'anchored_update', 'reliability': 0.8768472906403941, 'source_anchor_weight': 500.0, 'updated': True}, 'DoS': {'alpha': 0.0, 'cumulative_target_count': 4, 'incoming_count': 4, 'reason': 'insufficient_target_support', 'updated': False}, 'Exploits': {'alpha': 0.006577516851489455, 'cumulative_target_count': 11, 'incoming_count': 11, 'reason': 'anchored_update', 'reliability': 0.3055555555555556, 'source_anchor_weight': 500.0, 'updated': True}, 'Fuzzers': {'alpha': 0.0, 'cumulative_target_count': 4, 'incoming_count': 4, 'reason': 'insufficient_target_support', 'updated': False}, 'Generic': {'alpha': 0.0, 'cumulative_target_count': 2, 'incoming_count': 2, 'reason': 'insufficient_target_support', 'updated': False}, 'Reconnaissance': {'alpha': 0.0, 'cumulative_target_count': 1, 'incoming_count': 1, 'reason': 'insufficient_target_support', 'updated': False}}, 'minimum_target_samples_per_class': 5, 'update_rule': 'source_anchored'}]","{'Benign': 178, 'DoS': 4, 'Exploits': 11, 'Fuzzers': 4, 'Generic': 2, 'Reconnaissance': 1}",11.0
True,48,20,0.6721723863100404,0.42844067911854244,,0.42844067911854244,0.3197280267514268,0.989226650245949,,24,5000,0.0,0.7104498000117019,0.3592297458299782,0.3127289641276913,0.46655447706930825,,,0.3127289641276913,0.6721723863100404,"['Benign', 'DoS', 'Exploits', 'Fuzzers', 'Generic', 'Reconnaissance']","{'change_boundary_aligned_to_evaluation_blocks': True, 'drift_calibration_excludes_target_labels': True, 'evaluation_uses_pre_update_predictions': True, 'initial_model_saw_novel_target_class_names': False, 'label_budget_respected': True, 'predictions_scored_before_updates': True, 'preprocessing_fit_on_source_only': True}",50,0.0,50,0.4559071643892906,,0.4559071643892906,0.0,paired_naive_replay_B050,prototype,1.2-decoupled-support-aware-evaluation,0.27037715911865234,0.3197280267514268,[],573.453125,0.989226650245949,1.9623110998945776,0.3197280267514268,,,,"mean(known-class macro-F1, novel safe-or-correct rate when novel rows occur), summarized over support-eligible evaluation blocks",E05_UNSW_paired_5seed_v015,supported_6class_capture_session_and_prevalence_shift,1.635259249912148e-05,11,NF-UNSW-NB15-v3-Historical-Pilot,3030,0.3402745331018427,4,0.5255602344975323,chronological,0.35303155139155096,0.9891924583756577,500,NF-UNSW-NB15-v3-Future-Session-Aligned-Pilot,120000,1.0,4,40,0.005483799992362037,1,240,naive_B050,C:\Users\ASUS\raids-nids\results\runs\E05_UNSW_paired_5seed_v015__NF-UNSW-NB15-v3-Historical-Pilot-to-NF-UNSW-NB15-v3-Future-Session-Aligned-Pilot__supported_6class_capture_session_and_prevalence_shift__paired_naive_replay_B050__seed11\summary.json,C:\Users\ASUS\raids-nids\results\runs\E05_UNSW_paired_5seed_v015__NF-UNSW-NB15-v3-Historical-Pilot-to-NF-UNSW-NB15-v3-Future-Session-Aligned-Pilot__supported_6class_capture_session_and_prevalence_shift__paired_naive_replay_B050__seed11\resolved_config.yaml,replay,20,True,1784377987.3251748,"{'calibration_end_window': 30, 'calibration_median': 0.06658449237060762, 'calibration_raw_mad': 0.010700847751783142, 'calibration_scaled_mad': 0.015865076876793685, 'calibration_start_window': 10, 'calibration_window_count': 20, 'consecutive_windows': 2, 'mad_multiplier': 3.0, 'mean_shift_threshold': 0.11417972300098868, 'monitoring_start_window': 30, 'one_shot': True, 'reference_end_window': 10, 'reference_mode': 'target_warmup', 'reference_start_window': 0, 'target_labels_used': False, 'threshold_method': 'median_plus_scaled_mad'}",[41],0.0,1.0,10.0,0.0004166666666666667,[41],absolute,"[{'classes': {'Benign': {'final_memory_count': 500, 'incoming_count': 39}, 'DoS': {'final_memory_count': 400, 'incoming_count': 1}, 'Exploits': {'final_memory_count': 500, 'incoming_count': 6}, 'Fuzzers': {'final_memory_count': 500, 'incoming_count': 2}, 'Generic': {'final_memory_count': 386, 'incoming_count': 1}, 'Reconnaissance': {'final_memory_count': 500, 'incoming_count': 1}}, 'update_rule': 'replay'}]","{'Benign': 39, 'DoS': 1, 'Exploits': 6, 'Fuzzers': 2, 'Generic': 1, 'Reconnaissance': 1}",11.0
True,48,20,0.6744787412882502,0.42371971724028096,,0.42371971724028096,0.31400117512191883,0.989226650245949,,24,5000,0.0,0.5786539000109769,0.35829647067193077,0.30712203983179126,0.46084167990571656,,,0.30712203983179126,0.6744787412882502,"['Benign', 'DoS', 'Exploits', 'Fuzzers', 'Generic', 'Reconnaissance']","{'change_boundary_aligned_to_evaluation_blocks': True, 'drift_calibration_excludes_target_labels': True, 'evaluation_uses_pre_update_predictions': True, 'initial_model_saw_novel_target_class_names': False, 'label_budget_respected': True, 'predictions_scored_before_updates': True, 'preprocessing_fit_on_source_only': True}",200,0.0,200,0.451469494964921,,0.451469494964921,0.00546900539075079,paired_naive_replay_B200,prototype,1.2-decoupled-support-aware-evaluation,0.27074337005615234,0.31400117512191883,[],499.6015625,0.989226650245949,1.5077784000022803,0.31400117512191883,,,,"mean(known-class macro-F1, novel safe-or-correct rate when novel rows occur), summarized over support-eligible evaluation blocks",E05_UNSW_paired_5seed_v015,supported_6class_capture_session_and_prevalence_shift,1.2564820000019002e-05,11,NF-UNSW-NB15-v3-Historical-Pilot,3030,0.3402745331018427,4,0.5255602344975323,chronological,0.34765326736063124,0.9891924583756577,500,NF-UNSW-NB15-v3-Future-Session-Aligned-Pilot,120000,1.0,4,40,0.012477899988880381,1,240,naive_B200,C:\Users\ASUS\raids-nids\results\runs\E05_UNSW_paired_5seed_v015__NF-UNSW-NB15-v3-Historical-Pilot-to-NF-UNSW-NB15-v3-Future-Session-Aligned-Pilot__supported_6class_capture_session_and_prevalence_shift__paired_naive_replay_B200__seed11\summary.json,C:\Users\ASUS\raids-nids\results\runs\E05_UNSW_paired_5seed_v015__NF-UNSW-NB15-v3-Historical-Pilot-to-NF-UNSW-NB15-v3-Future-Session-Aligned-Pilot__supported_6class_capture_session_and_prevalence_shift__paired_naive_replay_B200__seed11\resolved_config.yaml,replay,20,True,1784378085.7568781,"{'calibration_end_window': 30, 'calibration_median': 0.06658449237060762, 'calibration_raw_mad': 0.010700847751783142, 'calibration_scaled_mad': 0.015865076876793685, 'calibration_start_window': 10, 'calibration_window_count': 20, 'consecutive_windows': 2, 'mad_multiplier': 3.0, 'mean_shift_threshold': 0.11417972300098868, 'monitoring_start_window': 30, 'one_shot': True, 'reference_end_window': 10, 'reference_mode': 'target_warmup', 'reference_start_window': 0, 'target_labels_used': False, 'threshold_method': 'median_plus_scaled_mad'}",[41],0.0,1.0,10.0,0.0016666666666666668,[41],absolute,"[{'classes': {'Benign': {'final_memory_count': 500, 'incoming_count': 178}, 'DoS': {'final_memory_count': 403, 'incoming_count': 4}, 'Exploits': {'final_memory_count': 500, 'incoming_count': 11}, 'Fuzzers': {'final_memory_count': 500, 'incoming_count': 4}, 'Generic': {'final_memory_count': 387, 'incoming_count': 2}, 'Reconnaissance': {'final_memory_count': 500, 'incoming_count': 1}}, 'update_rule': 'replay'}]","{'Benign': 178, 'DoS': 4, 'Exploits': 11, 'Fuzzers': 4, 'Generic': 2, 'Reconnaissance': 1}",11.0
False,48,20,0.6710797233552057,0.4298564023547659,,0.4298564023547659,0.3214453964594161,0.989226650245949,,24,5000,0.0,0.6585685999889392,0.36258757192783825,0.3148257545924646,0.46612295007813837,,,0.3148257545924646,0.6710797233552057,"['Benign', 'DoS', 'Exploits', 'Fuzzers', 'Generic', 'Reconnaissance']","{'change_boundary_aligned_to_evaluation_blocks': True, 'drift_calibration_excludes_target_labels': True, 'evaluation_uses_pre_update_predictions': True, 'initial_model_saw_novel_target_class_names': False, 'label_budget_respected': True, 'predictions_scored_before_updates': True, 'preprocessing_fit_on_source_only': True}",0,0.0,0,0.45717270487276723,,0.45717270487276723,0.0,paired_prototype_static,prototype,1.2-decoupled-support-aware-evaluation,0.269927978515625,0.3214453964594161,[],570.9375,0.989226650245949,1.4952055001922417,0.3214453964594161,,,,"mean(known-class macro-F1, novel safe-or-correct rate when novel rows occur), summarized over support-eligible evaluation blocks",E05_UNSW_paired_5seed_v015,supported_6class_capture_session_and_prevalence_shift,1.2460045834935347e-05,11,NF-UNSW-NB15-v3-Historical-Pilot,3030,0.3402745331018427,4,0.5255602344975323,chronological,0.3545718925800893,0.9891924583756577,500,NF-UNSW-NB15-v3-Future-Session-Aligned-Pilot,120000,1.0,4,40,0.0,0,240,prototype_static,C:\Users\ASUS\raids-nids\results\runs\E05_UNSW_paired_5seed_v015__NF-UNSW-NB15-v3-Historical-Pilot-to-NF-UNSW-NB15-v3-Future-Session-Aligned-Pilot__supported_6class_capture_session_and_prevalence_shift__paired_prototype_static__seed11\summary.json,C:\Users\ASUS\raids-nids\results\runs\E05_UNSW_paired_5seed_v015__NF-UNSW-NB15-v3-Historical-Pilot-to-NF-UNSW-NB15-v3-Future-Session-Aligned-Pilot__supported_6class_capture_session_and_prevalence_shift__paired_prototype_static__seed11\resolved_config.yaml,replay,20,True,1784377928.8787975,"{'calibration_end_window': 30, 'calibration_median': 0.06658449237060762, 'calibration_raw_mad': 0.010700847751783142, 'calibration_scaled_mad': 0.015865076876793685, 'calibration_start_window': 10, 'calibration_window_count': 20, 'consecutive_windows': 2, 'mad_multiplier': 3.0, 'mean_shift_threshold': 0.11417972300098868, 'monitoring_start_window': 30, 'one_shot': True, 'reference_end_window': 10, 'reference_mode': 'target_warmup', 'reference_start_window': 0, 'target_labels_used': False, 'threshold_method': 'median_plus_scaled_mad'}",[41],0.0,0.0,10.0,0.0,[],absolute,[],{},11.0
True,48,20,0.6766763617364688,0.41913968952614816,,0.41913968952614816,0.31020231997757064,0.9858199536479746,,24,5000,0.0,0.6372485999891069,0.3430726439730882,0.300002030942169,0.4291662635799486,,,0.300002030942169,0.6766763617364688,"['Benign', 'DoS', 'Exploits', 'Fuzzers', 'Generic', 'Reconnaissance']","{'change_boundary_aligned_to_evaluation_blocks': True, 'drift_calibration_excludes_target_labels': True, 'evaluation_uses_pre_update_predictions': True, 'initial_model_saw_novel_target_class_names': False, 'label_budget_respected': True, 'predictions_scored_before_updates': True, 'preprocessing_fit_on_source_only': True}",50,0.0,50,0.4396212646908512,,0.4396212646908512,0.00042747230200647633,paired_source_anchored_B050,prototype,1.2-decoupled-support-aware-evaluation,0.2716054916381836,0.31020231997757064,[],574.41015625,0.9858199536479746,1.580823999713175,0.31020231997757064,,,,"mean(known-class macro-F1, novel safe-or-correct rate when novel rows occur), summarized over support-eligible evaluation blocks",E05_UNSW_paired_5seed_v015,supported_6class_capture_session_and_prevalence_shift,1.3173533330943125e-05,23,NF-UNSW-NB15-v3-Historical-Pilot,3030,0.3195107374980352,4,0.6353404873836406,chronological,0.3351123433517448,0.9857827552219698,500,NF-UNSW-NB15-v3-Future-Session-Aligned-Pilot,120000,1.0,4,40,0.005231700022704899,1,240,anchored_B050,C:\Users\ASUS\raids-nids\results\runs\E05_UNSW_paired_5seed_v015__NF-UNSW-NB15-v3-Historical-Pilot-to-NF-UNSW-NB15-v3-Future-Session-Aligned-Pilot__supported_6class_capture_session_and_prevalence_shift__paired_source_anchored_B050__seed23\summary.json,C:\Users\ASUS\raids-nids\results\runs\E05_UNSW_paired_5seed_v015__NF-UNSW-NB15-v3-Historical-Pilot-to-NF-UNSW-NB15-v3-Future-Session-Aligned-Pilot__supported_6class_capture_session_and_prevalence_shift__paired_source_anchored_B050__seed23\resolved_config.yaml,source_anchored,20,True,1784378283.031101,"{'calibration_end_window': 30, 'calibration_median': 0.06663309054162181, 'calibration_raw_mad': 0.011179893337708736, 'calibration_scaled_mad': 0.01657530986248697, 'calibration_start_window': 10, 'calibration_window_count': 20, 'consecutive_windows': 2, 'mad_multiplier': 3.0, 'mean_shift_threshold': 0.11635902012908272, 'monitoring_start_window': 30, 'one_shot': True, 'reference_end_window': 10, 'reference_mode': 'target_warmup', 'reference_start_window': 0, 'target_labels_used': False, 'threshold_method': 'median_plus_scaled_mad'}",[41],0.0,1.0,10.0,0.0004166666666666667,[41],absolute,"[{'anchor_max_alpha': 0.05, 'anchor_reliability_tau': 25.0, 'classes': {'Benign': {'alpha': 0.045584045584045586, 'cumulative_target_count': 40, 'incoming_count': 40, 'reason': 'anchored_update', 'reliability': 0.6153846153846154, 'source_anchor_weight': 500.0, 'updated': True}, 'DoS': {'alpha': 0.0, 'cumulative_target_count': 1, 'incoming_count': 1, 'reason': 'insufficient_target_support', 'updated': False}, 'Exploits': {'alpha': 0.0016501650165016502, 'cumulative_target_count': 5, 'incoming_count': 5, 'reason': 'anchored_update', 'reliability': 0.16666666666666666, 'source_anchor_weight': 500.0, 'updated': True}, 'Fuzzers': {'alpha': 0.0, 'cumulative_target_count': 2, 'incoming_count': 2, 'reason': 'insufficient_target_support', 'updated': False}, 'Generic': {'alpha': 0.0, 'cumulative_target_count': 1, 'incoming_count': 1, 'reason': 'insufficient_target_support', 'updated': False}, 'Reconnaissance': {'alpha': 0.0, 'cumulative_target_count': 1, 'incoming_count': 1, 'reason': 'insufficient_target_support', 'updated': False}}, 'minimum_target_samples_per_class': 5, 'update_rule': 'source_anchored'}]","{'Benign': 40, 'DoS': 1, 'Exploits': 5, 'Fuzzers': 2, 'Generic': 1, 'Reconnaissance': 1}",23.0
True,48,20,0.6766763617364688,0.4191235886748614,,0.4191235886748614,0.31018272104221467,0.9858199536479746,,24,5000,0.0,0.636670799984131,0.3431354177055203,0.300002667127572,0.4288516164931058,,,0.300002667127572,0.6766763617364688,"['Benign', 'DoS', 'Exploits', 'Fuzzers', 'Generic', 'Reconnaissance']","{'change_boundary_aligned_to_evaluation_blocks': True, 'drift_calibration_excludes_target_labels': True, 'evaluation_uses_pre_update_predictions': True, 'initial_model_saw_novel_target_class_names': False, 'label_budget_respected': True, 'predictions_scored_before_updates': True, 'preprocessing_fit_on_source_only': True}",200,0.0,200,0.43963467106572135,,0.43963467106572135,0.0004380881271674126,paired_source_anchored_B200,prototype,1.2-decoupled-support-aware-evaluation,0.2716054916381836,0.31018272104221467,[],573.15234375,0.9858199536479746,1.8503493999305647,0.31018272104221467,,,,"mean(known-class macro-F1, novel safe-or-correct rate when novel rows occur), summarized over support-eligible evaluation blocks",E05_UNSW_paired_5seed_v015,supported_6class_capture_session_and_prevalence_shift,1.5419578332754705e-05,23,NF-UNSW-NB15-v3-Historical-Pilot,3030,0.3195107374980352,4,0.6353404873836406,chronological,0.33512866302234046,0.9857827552219698,500,NF-UNSW-NB15-v3-Future-Session-Aligned-Pilot,120000,1.0,4,40,0.013173399987863377,1,240,anchored_B200,C:\Users\ASUS\raids-nids\results\runs\E05_UNSW_paired_5seed_v015__NF-UNSW-NB15-v3-Historical-Pilot-to-NF-UNSW-NB15-v3-Future-Session-Aligned-Pilot__supported_6class_capture_session_and_prevalence_shift__paired_source_anchored_B200__seed23\summary.json,C:\Users\ASUS\raids-nids\results\runs\E05_UNSW_paired_5seed_v015__NF-UNSW-NB15-v3-Historical-Pilot-to-NF-UNSW-NB15-v3-Future-Session-Aligned-Pilot__supported_6class_capture_session_and_prevalence_shift__paired_source_anchored_B200__seed23\resolved_config.yaml,source_anchored,20,True,1784378389.7201252,"{'calibration_end_window': 30, 'calibration_median': 0.06663309054162181, 'calibration_raw_mad': 0.011179893337708736, 'calibration_scaled_mad': 0.01657530986248697, 'calibration_start_window': 10, 'calibration_window_count': 20, 'consecutive_windows': 2, 'mad_multiplier': 3.0, 'mean_shift_threshold': 0.11635902012908272, 'monitoring_start_window': 30, 'one_shot': True, 'reference_end_window': 10, 'reference_mode': 'target_warmup', 'reference_start_window': 0, 'target_labels_used': False, 'threshold_method': 'median_plus_scaled_mad'}",[41],0.0,1.0,10.0,0.0016666666666666668,[41],absolute,"[{'anchor_max_alpha': 0.05, 'anchor_reliability_tau': 25.0, 'classes': {'Benign': {'alpha': 0.05, 'cumulative_target_count': 177, 'incoming_count': 177, 'reason': 'anchored_update', 'reliability': 0.8762376237623762, 'source_anchor_weight': 500.0, 'updated': True}, 'DoS': {'alpha': 0.0, 'cumulative_target_count': 4, 'incoming_count': 4, 'reason': 'insufficient_target_support', 'updated': False}, 'Exploits': {'alpha': 0.006577516851489455, 'cumulative_target_count': 11, 'incoming_count': 11, 'reason': 'anchored_update', 'reliability': 0.3055555555555556, 'source_anchor_weight': 500.0, 'updated': True}, 'Fuzzers': {'alpha': 0.0, 'cumulative_target_count': 3, 'incoming_count': 3, 'reason': 'insufficient_target_support', 'updated': False}, 'Generic': {'alpha': 0.0, 'cumulative_target_count': 3, 'incoming_count': 3, 'reason': 'insufficient_target_support', 'updated': False}, 'Reconnaissance': {'alpha': 0.0, 'cumulative_target_count': 2, 'incoming_count': 2, 'reason': 'insufficient_target_support', 'updated': False}}, 'minimum_target_samples_per_class': 5, 'update_rule': 'source_anchored'}]","{'Benign': 177, 'DoS': 4, 'Exploits': 11, 'Fuzzers': 3, 'Generic': 3, 'Reconnaissance': 2}",23.0
True,48,20,0.6829074318576316,0.41981059706810653,,0.41981059706810653,0.31101898943873424,0.9858199536479746,,24,5000,0.0,0.6930731000029482,0.3413319085714645,0.3004157199268424,0.4282052038130647,,,0.3004157199268424,0.6829074318576316,"['Benign', 'DoS', 'Exploits', 'Fuzzers', 'Generic', 'Reconnaissance']","{'change_boundary_aligned_to_evaluation_blocks': True, 'drift_calibration_excludes_target_labels': True, 'evaluation_uses_pre_update_predictions': True, 'initial_model_saw_novel_target_class_names': False, 'label_budget_respected': True, 'predictions_scored_before_updates': True, 'preprocessing_fit_on_source_only': True}",50,0.0,50,0.44217621600346135,,0.44217621600346135,0.0014535810436962502,paired_naive_replay_B050,prototype,1.2-decoupled-support-aware-evaluation,0.27037715911865234,0.31101898943873424,[],573.41015625,0.9858199536479746,1.7503194997261744,0.31101898943873424,,,,"mean(known-class macro-F1, novel safe-or-correct rate when novel rows occur), summarized over support-eligible evaluation blocks",E05_UNSW_paired_5seed_v015,supported_6class_capture_session_and_prevalence_shift,1.4585995831051453e-05,23,NF-UNSW-NB15-v3-Historical-Pilot,3030,0.3195107374980352,4,0.6353404873836406,chronological,0.3382225028254126,0.9857827552219698,500,NF-UNSW-NB15-v3-Future-Session-Aligned-Pilot,120000,1.0,4,40,0.006242199975531548,1,240,naive_B050,C:\Users\ASUS\raids-nids\results\runs\E05_UNSW_paired_5seed_v015__NF-UNSW-NB15-v3-Historical-Pilot-to-NF-UNSW-NB15-v3-Future-Session-Aligned-Pilot__supported_6class_capture_session_and_prevalence_shift__paired_naive_replay_B050__seed23\summary.json,C:\Users\ASUS\raids-nids\results\runs\E05_UNSW_paired_5seed_v015__NF-UNSW-NB15-v3-Historical-Pilot-to-NF-UNSW-NB15-v3-Future-Session-Aligned-Pilot__supported_6class_capture_session_and_prevalence_shift__paired_naive_replay_B050__seed23\resolved_config.yaml,replay,20,True,1784378231.9397433,"{'calibration_end_window': 30, 'calibration_median': 0.06663309054162181, 'calibration_raw_mad': 0.011179893337708736, 'calibration_scaled_mad': 0.01657530986248697, 'calibration_start_window': 10, 'calibration_window_count': 20, 'consecutive_windows': 2, 'mad_multiplier': 3.0, 'mean_shift_threshold': 0.11635902012908272, 'monitoring_start_window': 30, 'one_shot': True, 'reference_end_window': 10, 'reference_mode': 'target_warmup', 'reference_start_window': 0, 'target_labels_used': False, 'threshold_method': 'median_plus_scaled_mad'}",[41],0.0,1.0,10.0,0.0004166666666666667,[41],absolute,"[{'classes': {'Benign': {'final_memory_count': 500, 'incoming_count': 40}, 'DoS': {'final_memory_count': 400, 'incoming_count': 1}, 'Exploits': {'final_memory_count': 500, 'incoming_count': 5}, 'Fuzzers': {'final_memory_count': 500, 'incoming_count': 2}, 'Generic': {'final_memory_count': 386, 'incoming_count': 1}, 'Reconnaissance': {'final_memory_count': 500, 'incoming_count': 1}}, 'update_rule': 'replay'}]","{'Benign': 40, 'DoS': 1, 'Exploits': 5, 'Fuzzers': 2, 'Generic': 1, 'Reconnaissance': 1}",23.0
True,48,20,0.679146358043565,0.41782687176798455,,0.41782687176798455,0.308604278363616,0.9858199536479746,,24,5000,0.0,0.6201336999947671,0.3421596446727615,0.29902114305934496,0.4308302207643161,,,0.29902114305934496,0.679146358043565,"['Benign', 'DoS', 'Exploits', 'Fuzzers', 'Generic', 'Reconnaissance']","{'change_boundary_aligned_to_evaluation_blocks': True, 'drift_calibration_excludes_target_labels': True, 'evaluation_uses_pre_update_predictions': True, 'initial_model_saw_novel_target_class_names': False, 'label_budget_respected': True, 'predictions_scored_before_updates': True, 'preprocessing_fit_on_source_only': True}",200,0.0,200,0.43902146637663353,,0.43902146637663353,0.0,paired_naive_replay_B200,prototype,1.2-decoupled-support-aware-evaluation,0.27083492279052734,0.308604278363616,[],573.06640625,0.9858199536479746,1.7428110001201276,0.308604278363616,,,,"mean(known-class macro-F1, novel safe-or-correct rate when novel rows occur), summarized over support-eligible evaluation blocks",E05_UNSW_paired_5seed_v015,supported_6class_capture_session_and_prevalence_shift,1.4523425001001063e-05,23,NF-UNSW-NB15-v3-Historical-Pilot,3030,0.3195107374980352,4,0.6353404873836406,chronological,0.3343822048164047,0.9857827552219698,500,NF-UNSW-NB15-v3-Future-Session-Aligned-Pilot,120000,1.0,4,40,0.007998799992492422,1,240,naive_B200,C:\Users\ASUS\raids-nids\results\runs\E05_UNSW_paired_5seed_v015__NF-UNSW-NB15-v3-Historical-Pilot-to-NF-UNSW-NB15-v3-Future-Session-Aligned-Pilot__supported_6class_capture_session_and_prevalence_shift__paired_naive_replay_B200__seed23\summary.json,C:\Users\ASUS\raids-nids\results\runs\E05_UNSW_paired_5seed_v015__NF-UNSW-NB15-v3-Historical-Pilot-to-NF-UNSW-NB15-v3-Future-Session-Aligned-Pilot__supported_6class_capture_session_and_prevalence_shift__paired_naive_replay_B200__seed23\resolved_config.yaml,replay,20,True,1784378336.128937,"{'calibration_end_window': 30, 'calibration_median': 0.06663309054162181, 'calibration_raw_mad': 0.011179893337708736, 'calibration_scaled_mad': 0.01657530986248697, 'calibration_start_window': 10, 'calibration_window_count': 20, 'consecutive_windows': 2, 'mad_multiplier': 3.0, 'mean_shift_threshold': 0.11635902012908272, 'monitoring_start_window': 30, 'one_shot': True, 'reference_end_window': 10, 'reference_mode': 'target_warmup', 'reference_start_window': 0, 'target_labels_used': False, 'threshold_method': 'median_plus_scaled_mad'}",[41],0.0,1.0,10.0,0.0016666666666666668,[41],absolute,"[{'classes': {'Benign': {'final_memory_count': 500, 'incoming_count': 177}, 'DoS': {'final_memory_count': 403, 'incoming_count': 4}, 'Exploits': {'final_memory_count': 500, 'incoming_count': 11}, 'Fuzzers': {'final_memory_count': 500, 'incoming_count': 3}, 'Generic': {'final_memory_count': 388, 'incoming_count': 3}, 'Reconnaissance': {'final_memory_count': 500, 'incoming_count': 2}}, 'update_rule': 'replay'}]","{'Benign': 177, 'DoS': 4, 'Exploits': 11, 'Fuzzers': 3, 'Generic': 3, 'Reconnaissance': 2}",23.0
False,48,20,0.6766763617364688,0.4191676030913322,,0.4191676030913322,0.31023629806666986,0.9858199536479746,,24,5000,0.0,0.5987393999821506,0.34321013758472274,0.2999972831665148,0.42869052728054863,,,0.2999972831665148,0.6766763617364688,"['Benign', 'DoS', 'Exploits', 'Fuzzers', 'Generic', 'Reconnaissance']","{'change_boundary_aligned_to_evaluation_blocks': True, 'drift_calibration_excludes_target_labels': True, 'evaluation_uses_pre_update_predictions': True, 'initial_model_saw_novel_target_class_names': False, 'label_budget_respected': True, 'predictions_scored_before_updates': True, 'preprocessing_fit_on_source_only': True}",0,0.0,0,0.4396829101355989,,0.4396829101355989,0.0,paired_prototype_static,prototype,1.2-decoupled-support-aware-evaluation,0.269927978515625,0.31023629806666986,[],497.37109375,0.9858199536479746,1.4793774000718258,0.31023629806666986,,,,"mean(known-class macro-F1, novel safe-or-correct rate when novel rows occur), summarized over support-eligible evaluation blocks",E05_UNSW_paired_5seed_v015,supported_6class_capture_session_and_prevalence_shift,1.2328145000598549e-05,23,NF-UNSW-NB15-v3-Historical-Pilot,3030,0.3195107374980352,4,0.6353404873836406,chronological,0.3351873847676199,0.9857827552219698,500,NF-UNSW-NB15-v3-Future-Session-Aligned-Pilot,120000,1.0,4,40,0.0,0,240,prototype_static,C:\Users\ASUS\raids-nids\results\runs\E05_UNSW_paired_5seed_v015__NF-UNSW-NB15-v3-Historical-Pilot-to-NF-UNSW-NB15-v3-Future-Session-Aligned-Pilot__supported_6class_capture_session_and_prevalence_shift__paired_prototype_static__seed23\summary.json,C:\Users\ASUS\raids-nids\results\runs\E05_UNSW_paired_5seed_v015__NF-UNSW-NB15-v3-Historical-Pilot-to-NF-UNSW-NB15-v3-Future-Session-Aligned-Pilot__supported_6class_capture_session_and_prevalence_shift__paired_prototype_static__seed23\resolved_config.yaml,replay,20,True,1784378180.7001362,"{'calibration_end_window': 30, 'calibration_median': 0.06663309054162181, 'calibration_raw_mad': 0.011179893337708736, 'calibration_scaled_mad': 0.01657530986248697, 'calibration_start_window': 10, 'calibration_window_count': 20, 'consecutive_windows': 2, 'mad_multiplier': 3.0, 'mean_shift_threshold': 0.11635902012908272, 'monitoring_start_window': 30, 'one_shot': True, 'reference_end_window': 10, 'reference_mode': 'target_warmup', 'reference_start_window': 0, 'target_labels_used': False, 'threshold_method': 'median_plus_scaled_mad'}",[41],0.0,0.0,10.0,0.0,[],absolute,[],{},23.0
True,48,20,0.6156232229362946,0.4377339187672315,,0.4377339187672315,0.33016480065346493,0.9907875850551241,,24,5000,0.0,0.6679744000139181,0.36584512078128756,0.32269625164315824,0.45335129391192447,,,0.32269625164315824,0.6156232229362946,"['Benign', 'DoS', 'Exploits', 'Fuzzers', 'Generic', 'Reconnaissance']","{'change_boundary_aligned_to_evaluation_blocks': True, 'drift_calibration_excludes_target_labels': True, 'evaluation_uses_pre_update_predictions': True, 'initial_model_saw_novel_target_class_names': False, 'label_budget_respected': True, 'predictions_scored_before_updates': True, 'preprocessing_fit_on_source_only': True}",50,0.0,50,0.46478898089832893,,0.46478898089832893,0.0,paired_source_anchored_B050,prototype,1.2-decoupled-support-aware-evaluation,0.2714071273803711,0.33016480065346493,[],573.1953125,0.9907875850551241,1.7318638996221125,0.33016480065346493,,,,"mean(known-class macro-F1, novel safe-or-correct rate when novel rows occur), summarized over support-eligible evaluation blocks",E05_UNSW_paired_5seed_v015,supported_6class_capture_session_and_prevalence_shift,1.4432199163517604e-05,37,NF-UNSW-NB15-v3-Historical-Pilot,3030,0.33200100948030187,4,0.4377833759228701,chronological,0.36292328227871634,0.9907668675314261,500,NF-UNSW-NB15-v3-Future-Session-Aligned-Pilot,120000,1.0,4,40,0.010374500008765608,1,240,anchored_B050,C:\Users\ASUS\raids-nids\results\runs\E05_UNSW_paired_5seed_v015__NF-UNSW-NB15-v3-Historical-Pilot-to-NF-UNSW-NB15-v3-Future-Session-Aligned-Pilot__supported_6class_capture_session_and_prevalence_shift__paired_source_anchored_B050__seed37\summary.json,C:\Users\ASUS\raids-nids\results\runs\E05_UNSW_paired_5seed_v015__NF-UNSW-NB15-v3-Historical-Pilot-to-NF-UNSW-NB15-v3-Future-Session-Aligned-Pilot__supported_6class_capture_session_and_prevalence_shift__paired_source_anchored_B050__seed37\resolved_config.yaml,source_anchored,20,True,1784378569.4989321,"{'calibration_end_window': 30, 'calibration_median': 0.06731565452095323, 'calibration_raw_mad': 0.012660621354012927, 'calibration_scaled_mad': 0.018770637219459565, 'calibration_start_window': 10, 'calibration_window_count': 20, 'consecutive_windows': 2, 'mad_multiplier': 3.0, 'mean_shift_threshold': 0.12362756617933192, 'monitoring_start_window': 30, 'one_shot': True, 'reference_end_window': 10, 'reference_mode': 'target_warmup', 'reference_start_window': 0, 'target_labels_used': False, 'threshold_method': 'median_plus_scaled_mad'}",[41],0.0,1.0,10.0,0.0004166666666666667,[41],absolute,"[{'anchor_max_alpha': 0.05, 'anchor_reliability_tau': 25.0, 'classes': {'Benign': {'alpha': 0.04260341063315041, 'cumulative_target_count': 38, 'incoming_count': 38, 'reason': 'anchored_update', 'reliability': 0.6031746031746031, 'source_anchor_weight': 500.0, 'updated': True}, 'DoS': {'alpha': 0.0, 'cumulative_target_count': 2, 'incoming_count': 2, 'reason': 'insufficient_target_support', 'updated': False}, 'Exploits': {'alpha': 0.0016501650165016502, 'cumulative_target_count': 5, 'incoming_count': 5, 'reason': 'anchored_update', 'reliability': 0.16666666666666666, 'source_anchor_weight': 500.0, 'updated': True}, 'Fuzzers': {'alpha': 0.0, 'cumulative_target_count': 2, 'incoming_count': 2, 'reason': 'insufficient_target_support', 'updated': False}, 'Generic': {'alpha': 0.0, 'cumulative_target_count': 2, 'incoming_count': 2, 'reason': 'insufficient_target_support', 'updated': False}, 'Reconnaissance': {'alpha': 0.0, 'cumulative_target_count': 1, 'incoming_count': 1, 'reason': 'insufficient_target_support', 'updated': False}}, 'minimum_target_samples_per_class': 5, 'update_rule': 'source_anchored'}]","{'Benign': 38, 'DoS': 2, 'Exploits': 5, 'Fuzzers': 2, 'Generic': 2, 'Reconnaissance': 1}",37.0
True,48,20,0.6157319908905837,0.43693509046561557,,0.43693509046561557,0.32919729361522754,0.9907875850551241,,24,5000,0.0,0.7508876999781933,0.36517734752105513,0.3217945563010352,0.4507378622892062,,,0.3217945563010352,0.6157319908905837,"['Benign', 'DoS', 'Exploits', 'Fuzzers', 'Generic', 'Reconnaissance']","{'change_boundary_aligned_to_evaluation_blocks': True, 'drift_calibration_excludes_target_labels': True, 'evaluation_uses_pre_update_predictions': True, 'initial_model_saw_novel_target_class_names': False, 'label_budget_respected': True, 'predictions_scored_before_updates': True, 'preprocessing_fit_on_source_only': True}",200,0.0,200,0.464016059863356,,0.464016059863356,0.00026316956536074054,paired_source_anchored_B200,prototype,1.2-decoupled-support-aware-evaluation,0.2714071273803711,0.32919729361522754,[],573.31640625,0.9907875850551241,1.9068093002133537,0.32919729361522754,,,,"mean(known-class macro-F1, novel safe-or-correct rate when novel rows occur), summarized over support-eligible evaluation blocks",E05_UNSW_paired_5seed_v015,supported_6class_capture_session_and_prevalence_shift,1.5890077501777947e-05,37,NF-UNSW-NB15-v3-Historical-Pilot,3030,0.33200100948030187,4,0.4377833759228701,chronological,0.3619871334506086,0.9907668675314261,500,NF-UNSW-NB15-v3-Future-Session-Aligned-Pilot,120000,1.0,4,40,0.005439600005047396,1,240,anchored_B200,C:\Users\ASUS\raids-nids\results\runs\E05_UNSW_paired_5seed_v015__NF-UNSW-NB15-v3-Historical-Pilot-to-NF-UNSW-NB15-v3-Future-Session-Aligned-Pilot__supported_6class_capture_session_and_prevalence_shift__paired_source_anchored_B200__seed37\summary.json,C:\Users\ASUS\raids-nids\results\runs\E05_UNSW_paired_5seed_v015__NF-UNSW-NB15-v3-Historical-Pilot-to-NF-UNSW-NB15-v3-Future-Session-Aligned-Pilot__supported_6class_capture_session_and_prevalence_shift__paired_source_anchored_B200__seed37\resolved_config.yaml,source_anchored,20,True,1784378695.4472487,"{'calibration_end_window': 30, 'calibration_median': 0.06731565452095323, 'calibration_raw_mad': 0.012660621354012927, 'calibration_scaled_mad': 0.018770637219459565, 'calibration_start_window': 10, 'calibration_window_count': 20, 'consecutive_windows': 2, 'mad_multiplier': 3.0, 'mean_shift_threshold': 0.12362756617933192, 'monitoring_start_window': 30, 'one_shot': True, 'reference_end_window': 10, 'reference_mode': 'target_warmup', 'reference_start_window': 0, 'target_labels_used': False, 'threshold_method': 'median_plus_scaled_mad'}",[41],0.0,1.0,10.0,0.0016666666666666668,[41],absolute,"[{'anchor_max_alpha': 0.05, 'anchor_reliability_tau': 25.0, 'classes': {'Benign': {'alpha': 0.05, 'cumulative_target_count': 177, 'incoming_count': 177, 'reason': 'anchored_update', 'reliability': 0.8762376237623762, 'source_anchor_weight': 500.0, 'updated': True}, 'DoS': {'alpha': 0.0, 'cumulative_target_count': 4, 'incoming_count': 4, 'reason': 'insufficient_target_support', 'updated': False}, 'Exploits': {'alpha': 0.007601351351351352, 'cumulative_target_count': 12, 'incoming_count': 12, 'reason': 'anchored_update', 'reliability': 0.32432432432432434, 'source_anchor_weight': 500.0, 'updated': True}, 'Fuzzers': {'alpha': 0.0, 'cumulative_target_count': 4, 'incoming_count': 4, 'reason': 'insufficient_target_support', 'updated': False}, 'Generic': {'alpha': 0.0, 'cumulative_target_count': 2, 'incoming_count': 2, 'reason': 'insufficient_target_support', 'updated': False}, 'Reconnaissance': {'alpha': 0.0, 'cumulative_target_count': 1, 'incoming_count': 1, 'reason': 'insufficient_target_support', 'updated': False}}, 'minimum_target_samples_per_class': 5, 'update_rule': 'source_anchored'}]","{'Benign': 177, 'DoS': 4, 'Exploits': 12, 'Fuzzers': 4, 'Generic': 2, 'Reconnaissance': 1}",37.0
True,48,20,0.5987352803893485,0.4415605142936994,,0.4415605142936994,0.3347994112410674,0.9907875850551241,,24,5000,0.0,0.6255532999930438,0.3680938424377578,0.32684463818721815,0.4603134177755433,,,0.32684463818721815,0.5987352803893485,"['Benign', 'DoS', 'Exploits', 'Fuzzers', 'Generic', 'Reconnaissance']","{'change_boundary_aligned_to_evaluation_blocks': True, 'drift_calibration_excludes_target_labels': True, 'evaluation_uses_pre_update_predictions': True, 'initial_model_saw_novel_target_class_names': False, 'label_budget_respected': True, 'predictions_scored_before_updates': True, 'preprocessing_fit_on_source_only': True}",50,0.0,50,0.46814648902440437,,0.46814648902440437,0.0,paired_naive_replay_B050,prototype,1.2-decoupled-support-aware-evaluation,0.27037715911865234,0.3347994112410674,[],573.18359375,0.9907875850551241,1.741702399798669,0.3347994112410674,,,,"mean(known-class macro-F1, novel safe-or-correct rate when novel rows occur), summarized over support-eligible evaluation blocks",E05_UNSW_paired_5seed_v015,supported_6class_capture_session_and_prevalence_shift,1.4514186664988908e-05,37,NF-UNSW-NB15-v3-Historical-Pilot,3030,0.33200100948030187,4,0.4377833759228701,chronological,0.36698983908771554,0.9907668675314261,500,NF-UNSW-NB15-v3-Future-Session-Aligned-Pilot,120000,1.0,4,40,0.009836599987465888,1,240,naive_B050,C:\Users\ASUS\raids-nids\results\runs\E05_UNSW_paired_5seed_v015__NF-UNSW-NB15-v3-Historical-Pilot-to-NF-UNSW-NB15-v3-Future-Session-Aligned-Pilot__supported_6class_capture_session_and_prevalence_shift__paired_naive_replay_B050__seed37\summary.json,C:\Users\ASUS\raids-nids\results\runs\E05_UNSW_paired_5seed_v015__NF-UNSW-NB15-v3-Historical-Pilot-to-NF-UNSW-NB15-v3-Future-Session-Aligned-Pilot__supported_6class_capture_session_and_prevalence_shift__paired_naive_replay_B050__seed37\resolved_config.yaml,replay,20,True,1784378508.889714,"{'calibration_end_window': 30, 'calibration_median': 0.06731565452095323, 'calibration_raw_mad': 0.012660621354012927, 'calibration_scaled_mad': 0.018770637219459565, 'calibration_start_window': 10, 'calibration_window_count': 20, 'consecutive_windows': 2, 'mad_multiplier': 3.0, 'mean_shift_threshold': 0.12362756617933192, 'monitoring_start_window': 30, 'one_shot': True, 'reference_end_window': 10, 'reference_mode': 'target_warmup', 'reference_start_window': 0, 'target_labels_used': False, 'threshold_method': 'median_plus_scaled_mad'}",[41],0.0,1.0,10.0,0.0004166666666666667,[41],absolute,"[{'classes': {'Benign': {'final_memory_count': 500, 'incoming_count': 38}, 'DoS': {'final_memory_count': 400, 'incoming_count': 2}, 'Exploits': {'final_memory_count': 500, 'incoming_count': 5}, 'Fuzzers': {'final_memory_count': 500, 'incoming_count': 2}, 'Generic': {'final_memory_count': 386, 'incoming_count': 2}, 'Reconnaissance': {'final_memory_count': 500, 'incoming_count': 1}}, 'update_rule': 'replay'}]","{'Benign': 38, 'DoS': 2, 'Exploits': 5, 'Fuzzers': 2, 'Generic': 2, 'Reconnaissance': 1}",37.0
True,48,20,0.6138716445147945,0.43830483793337177,,0.43830483793337177,0.33085627379029287,0.9907875850551241,,24,5000,0.0,0.6771233000035863,0.3656341606975757,0.3234823210061972,0.45455857442514863,,,0.3234823210061972,0.6138716445147945,"['Benign', 'DoS', 'Exploits', 'Fuzzers', 'Generic', 'Reconnaissance']","{'change_boundary_aligned_to_evaluation_blocks': True, 'drift_calibration_excludes_target_labels': True, 'evaluation_uses_pre_update_predictions': True, 'initial_model_saw_novel_target_class_names': False, 'label_budget_respected': True, 'predictions_scored_before_updates': True, 'preprocessing_fit_on_source_only': True}",200,0.0,200,0.46433923803181293,,0.46433923803181293,0.0,paired_naive_replay_B200,prototype,1.2-decoupled-support-aware-evaluation,0.27056026458740234,0.33085627379029287,[],573.2578125,0.9907875850551241,1.784206799871754,0.33085627379029287,,,,"mean(known-class macro-F1, novel safe-or-correct rate when novel rows occur), summarized over support-eligible evaluation blocks",E05_UNSW_paired_5seed_v015,supported_6class_capture_session_and_prevalence_shift,1.4868389998931282e-05,37,NF-UNSW-NB15-v3-Historical-Pilot,3030,0.33200100948030187,4,0.4377833759228701,chronological,0.36237346903351564,0.9907668675314261,500,NF-UNSW-NB15-v3-Future-Session-Aligned-Pilot,120000,1.0,4,40,0.010973299999022856,1,240,naive_B200,C:\Users\ASUS\raids-nids\results\runs\E05_UNSW_paired_5seed_v015__NF-UNSW-NB15-v3-Historical-Pilot-to-NF-UNSW-NB15-v3-Future-Session-Aligned-Pilot__supported_6class_capture_session_and_prevalence_shift__paired_naive_replay_B200__seed37\summary.json,C:\Users\ASUS\raids-nids\results\runs\E05_UNSW_paired_5seed_v015__NF-UNSW-NB15-v3-Historical-Pilot-to-NF-UNSW-NB15-v3-Future-Session-Aligned-Pilot__supported_6class_capture_session_and_prevalence_shift__paired_naive_replay_B200__seed37\resolved_config.yaml,replay,20,True,1784378630.355291,"{'calibration_end_window': 30, 'calibration_median': 0.06731565452095323, 'calibration_raw_mad': 0.012660621354012927, 'calibration_scaled_mad': 0.018770637219459565, 'calibration_start_window': 10, 'calibration_window_count': 20, 'consecutive_windows': 2, 'mad_multiplier': 3.0, 'mean_shift_threshold': 0.12362756617933192, 'monitoring_start_window': 30, 'one_shot': True, 'reference_end_window': 10, 'reference_mode': 'target_warmup', 'reference_start_window': 0, 'target_labels_used': False, 'threshold_method': 'median_plus_scaled_mad'}",[41],0.0,1.0,10.0,0.0016666666666666668,[41],absolute,"[{'classes': {'Benign': {'final_memory_count': 500, 'incoming_count': 177}, 'DoS': {'final_memory_count': 402, 'incoming_count': 4}, 'Exploits': {'final_memory_count': 500, 'incoming_count': 12}, 'Fuzzers': {'final_memory_count': 500, 'incoming_count': 4}, 'Generic': {'final_memory_count': 386, 'incoming_count': 2}, 'Reconnaissance': {'final_memory_count': 500, 'incoming_count': 1}}, 'update_rule': 'replay'}]","{'Benign': 177, 'DoS': 4, 'Exploits': 12, 'Fuzzers': 4, 'Generic': 2, 'Reconnaissance': 1}",37.0
False,48,20,0.6157855794270403,0.436786067183605,,0.436786067183605,0.3290168029216519,0.9907875850551241,,24,5000,0.0,0.649702900002012,0.3649577241503743,0.32162127563310633,0.45041101014516,,,0.32162127563310633,0.6157855794270403,"['Benign', 'DoS', 'Exploits', 'Fuzzers', 'Generic', 'Reconnaissance']","{'change_boundary_aligned_to_evaluation_blocks': True, 'drift_calibration_excludes_target_labels': True, 'evaluation_uses_pre_update_predictions': True, 'initial_model_saw_novel_target_class_names': False, 'label_budget_respected': True, 'predictions_scored_before_updates': True, 'preprocessing_fit_on_source_only': True}",0,0.0,0,0.4637961349011185,,0.4637961349011185,0.0,paired_prototype_static,prototype,1.2-decoupled-support-aware-evaluation,0.2697296142578125,0.3290168029216519,[],569.99609375,0.9907875850551241,1.7635693999473006,0.3290168029216519,,,,"mean(known-class macro-F1, novel safe-or-correct rate when novel rows occur), summarized over support-eligible evaluation blocks",E05_UNSW_paired_5seed_v015,supported_6class_capture_session_and_prevalence_shift,1.4696411666227504e-05,37,NF-UNSW-NB15-v3-Historical-Pilot,3030,0.33200100948030187,4,0.4377833759228701,chronological,0.361720764072167,0.9907668675314261,500,NF-UNSW-NB15-v3-Future-Session-Aligned-Pilot,120000,1.0,4,40,0.0,0,240,prototype_static,C:\Users\ASUS\raids-nids\results\runs\E05_UNSW_paired_5seed_v015__NF-UNSW-NB15-v3-Historical-Pilot-to-NF-UNSW-NB15-v3-Future-Session-Aligned-Pilot__supported_6class_capture_session_and_prevalence_shift__paired_prototype_static__seed37\summary.json,C:\Users\ASUS\raids-nids\results\runs\E05_UNSW_paired_5seed_v015__NF-UNSW-NB15-v3-Historical-Pilot-to-NF-UNSW-NB15-v3-Future-Session-Aligned-Pilot__supported_6class_capture_session_and_prevalence_shift__paired_prototype_static__seed37\resolved_config.yaml,replay,20,True,1784378447.5757227,"{'calibration_end_window': 30, 'calibration_median': 0.06731565452095323, 'calibration_raw_mad': 0.012660621354012927, 'calibration_scaled_mad': 0.018770637219459565, 'calibration_start_window': 10, 'calibration_window_count': 20, 'consecutive_windows': 2, 'mad_multiplier': 3.0, 'mean_shift_threshold': 0.12362756617933192, 'monitoring_start_window': 30, 'one_shot': True, 'reference_end_window': 10, 'reference_mode': 'target_warmup', 'reference_start_window': 0, 'target_labels_used': False, 'threshold_method': 'median_plus_scaled_mad'}",[41],0.0,0.0,10.0,0.0,[],absolute,[],{},37.0
True,48,20,0.6796350240270124,0.4255865123225455,,0.4255865123225455,0.3133897834472072,0.9947681688519054,,24,5000,0.0,0.4653517000260763,0.3496933944987179,0.30755213441040696,0.46969369462956295,,,0.30755213441040696,0.6796350240270124,"['Benign', 'DoS', 'Exploits', 'Fuzzers', 'Generic', 'Reconnaissance']","{'change_boundary_aligned_to_evaluation_blocks': True, 'drift_calibration_excludes_target_labels': True, 'evaluation_uses_pre_update_predictions': True, 'initial_model_saw_novel_target_class_names': False, 'label_budget_respected': True, 'predictions_scored_before_updates': True, 'preprocessing_fit_on_source_only': True}",50,0.0,50,0.4496477560607654,,0.4496477560607654,0.0,paired_source_anchored_B050,prototype,1.2-decoupled-support-aware-evaluation,0.2714223861694336,0.3133897834472072,[],574.375,0.9947681688519054,1.02660500005004,0.3133897834472072,,,,"mean(known-class macro-F1, novel safe-or-correct rate when novel rows occur), summarized over support-eligible evaluation blocks",E05_UNSW_paired_5seed_v015,supported_6class_capture_session_and_prevalence_shift,8.555041667083666e-06,53,NF-UNSW-NB15-v3-Historical-Pilot,3030,0.33527219102444245,4,0.6079763701601844,chronological,0.34241682014863867,0.994753732207981,500,NF-UNSW-NB15-v3-Future-Session-Aligned-Pilot,120000,1.0,4,40,0.004799799993634224,1,240,anchored_B050,C:\Users\ASUS\raids-nids\results\runs\E05_UNSW_paired_5seed_v015__NF-UNSW-NB15-v3-Historical-Pilot-to-NF-UNSW-NB15-v3-Future-Session-Aligned-Pilot__supported_6class_capture_session_and_prevalence_shift__paired_source_anchored_B050__seed53\summary.json,C:\Users\ASUS\raids-nids\results\runs\E05_UNSW_paired_5seed_v015__NF-UNSW-NB15-v3-Historical-Pilot-to-NF-UNSW-NB15-v3-Future-Session-Aligned-Pilot__supported_6class_capture_session_and_prevalence_shift__paired_source_anchored_B050__seed53\resolved_config.yaml,source_anchored,20,True,1784378871.269543,"{'calibration_end_window': 30, 'calibration_median': 0.06491277910944739, 'calibration_raw_mad': 0.010370721066346001, 'calibration_scaled_mad': 0.01537563105296458, 'calibration_start_window': 10, 'calibration_window_count': 20, 'consecutive_windows': 2, 'mad_multiplier': 3.0, 'mean_shift_threshold': 0.11103967226834113, 'monitoring_start_window': 30, 'one_shot': True, 'reference_end_window': 10, 'reference_mode': 'target_warmup', 'reference_start_window': 0, 'target_labels_used': False, 'threshold_method': 'median_plus_scaled_mad'}",[41],0.0,1.0,10.0,0.0004166666666666667,[41],absolute,"[{'anchor_max_alpha': 0.05, 'anchor_reliability_tau': 25.0, 'classes': {'Benign': {'alpha': 0.045584045584045586, 'cumulative_target_count': 40, 'incoming_count': 40, 'reason': 'anchored_update', 'reliability': 0.6153846153846154, 'source_anchor_weight': 500.0, 'updated': True}, 'DoS': {'alpha': 0.0, 'cumulative_target_count': 1, 'incoming_count': 1, 'reason': 'insufficient_target_support', 'updated': False}, 'Exploits': {'alpha': 0.0016501650165016502, 'cumulative_target_count': 5, 'incoming_count': 5, 'reason': 'anchored_update', 'reliability': 0.16666666666666666, 'source_anchor_weight': 500.0, 'updated': True}, 'Fuzzers': {'alpha': 0.0, 'cumulative_target_count': 2, 'incoming_count': 2, 'reason': 'insufficient_target_support', 'updated': False}, 'Generic': {'alpha': 0.0, 'cumulative_target_count': 1, 'incoming_count': 1, 'reason': 'insufficient_target_support', 'updated': False}, 'Reconnaissance': {'alpha': 0.0, 'cumulative_target_count': 1, 'incoming_count': 1, 'reason': 'insufficient_target_support', 'updated': False}}, 'minimum_target_samples_per_class': 5, 'update_rule': 'source_anchored'}]","{'Benign': 40, 'DoS': 1, 'Exploits': 5, 'Fuzzers': 2, 'Generic': 1, 'Reconnaissance': 1}",53.0
True,48,20,0.6798849225125243,0.4251834374974133,,0.4251834374974133,0.3129035497645223,0.9947681688519054,,24,5000,0.0,0.7115680999995675,0.34916573576700977,0.3069860297569299,0.4671730468230728,,,0.3069860297569299,0.6798849225125243,"['Benign', 'DoS', 'Exploits', 'Fuzzers', 'Generic', 'Reconnaissance']","{'change_boundary_aligned_to_evaluation_blocks': True, 'drift_calibration_excludes_target_labels': True, 'evaluation_uses_pre_update_predictions': True, 'initial_model_saw_novel_target_class_names': False, 'label_budget_respected': True, 'predictions_scored_before_updates': True, 'preprocessing_fit_on_source_only': True}",200,0.0,200,0.4491905570339191,,0.4491905570339191,0.0002224657589434115,paired_source_anchored_B200,prototype,1.2-decoupled-support-aware-evaluation,0.2714223861694336,0.3129035497645223,[],573.30859375,0.9947681688519054,1.8596160002052784,0.3129035497645223,,,,"mean(known-class macro-F1, novel safe-or-correct rate when novel rows occur), summarized over support-eligible evaluation blocks",E05_UNSW_paired_5seed_v015,supported_6class_capture_session_and_prevalence_shift,1.5496800001710655e-05,53,NF-UNSW-NB15-v3-Historical-Pilot,3030,0.33527219102444245,4,0.6079763701601844,chronological,0.34186528783018444,0.994753732207981,500,NF-UNSW-NB15-v3-Future-Session-Aligned-Pilot,120000,1.0,4,40,0.007969800004502758,1,240,anchored_B200,C:\Users\ASUS\raids-nids\results\runs\E05_UNSW_paired_5seed_v015__NF-UNSW-NB15-v3-Historical-Pilot-to-NF-UNSW-NB15-v3-Future-Session-Aligned-Pilot__supported_6class_capture_session_and_prevalence_shift__paired_source_anchored_B200__seed53\summary.json,C:\Users\ASUS\raids-nids\results\runs\E05_UNSW_paired_5seed_v015__NF-UNSW-NB15-v3-Historical-Pilot-to-NF-UNSW-NB15-v3-Future-Session-Aligned-Pilot__supported_6class_capture_session_and_prevalence_shift__paired_source_anchored_B200__seed53\resolved_config.yaml,source_anchored,20,True,1784378979.6186862,"{'calibration_end_window': 30, 'calibration_median': 0.06491277910944739, 'calibration_raw_mad': 0.010370721066346001, 'calibration_scaled_mad': 0.01537563105296458, 'calibration_start_window': 10, 'calibration_window_count': 20, 'consecutive_windows': 2, 'mad_multiplier': 3.0, 'mean_shift_threshold': 0.11103967226834113, 'monitoring_start_window': 30, 'one_shot': True, 'reference_end_window': 10, 'reference_mode': 'target_warmup', 'reference_start_window': 0, 'target_labels_used': False, 'threshold_method': 'median_plus_scaled_mad'}",[41],0.0,1.0,10.0,0.0016666666666666668,[41],absolute,"[{'anchor_max_alpha': 0.05, 'anchor_reliability_tau': 25.0, 'classes': {'Benign': {'alpha': 0.05, 'cumulative_target_count': 177, 'incoming_count': 177, 'reason': 'anchored_update', 'reliability': 0.8762376237623762, 'source_anchor_weight': 500.0, 'updated': True}, 'DoS': {'alpha': 0.0, 'cumulative_target_count': 4, 'incoming_count': 4, 'reason': 'insufficient_target_support', 'updated': False}, 'Exploits': {'alpha': 0.007601351351351352, 'cumulative_target_count': 12, 'incoming_count': 12, 'reason': 'anchored_update', 'reliability': 0.32432432432432434, 'source_anchor_weight': 500.0, 'updated': True}, 'Fuzzers': {'alpha': 0.0, 'cumulative_target_count': 4, 'incoming_count': 4, 'reason': 'insufficient_target_support', 'updated': False}, 'Generic': {'alpha': 0.0, 'cumulative_target_count': 2, 'incoming_count': 2, 'reason': 'insufficient_target_support', 'updated': False}, 'Reconnaissance': {'alpha': 0.0, 'cumulative_target_count': 1, 'incoming_count': 1, 'reason': 'insufficient_target_support', 'updated': False}}, 'minimum_target_samples_per_class': 5, 'update_rule': 'source_anchored'}]","{'Benign': 177, 'DoS': 4, 'Exploits': 12, 'Fuzzers': 4, 'Generic': 2, 'Reconnaissance': 1}",53.0
True,48,20,0.6714551249440872,0.42793687368403854,,0.42793687368403854,0.3162250507206332,0.9947681688519054,,24,5000,0.0,0.6295099999988452,0.35171677778276417,0.3109686673302943,0.4731601732058194,,,0.3109686673302943,0.6714551249440872,"['Benign', 'DoS', 'Exploits', 'Fuzzers', 'Generic', 'Reconnaissance']","{'change_boundary_aligned_to_evaluation_blocks': True, 'drift_calibration_excludes_target_labels': True, 'evaluation_uses_pre_update_predictions': True, 'initial_model_saw_novel_target_class_names': False, 'label_budget_respected': True, 'predictions_scored_before_updates': True, 'preprocessing_fit_on_source_only': True}",50,0.0,50,0.45189187327149793,,0.45189187327149793,0.0,paired_naive_replay_B050,prototype,1.2-decoupled-support-aware-evaluation,0.27019405364990234,0.3162250507206332,[],574.33203125,0.9947681688519054,1.8070545998052694,0.3162250507206332,,,,"mean(known-class macro-F1, novel safe-or-correct rate when novel rows occur), summarized over support-eligible evaluation blocks",E05_UNSW_paired_5seed_v015,supported_6class_capture_session_and_prevalence_shift,1.5058788331710578e-05,53,NF-UNSW-NB15-v3-Historical-Pilot,3030,0.33527219102444245,4,0.6079763701601844,chronological,0.3451239631989108,0.994753732207981,500,NF-UNSW-NB15-v3-Future-Session-Aligned-Pilot,120000,1.0,4,40,0.009432999999262393,1,240,naive_B050,C:\Users\ASUS\raids-nids\results\runs\E05_UNSW_paired_5seed_v015__NF-UNSW-NB15-v3-Historical-Pilot-to-NF-UNSW-NB15-v3-Future-Session-Aligned-Pilot__supported_6class_capture_session_and_prevalence_shift__paired_naive_replay_B050__seed53\summary.json,C:\Users\ASUS\raids-nids\results\runs\E05_UNSW_paired_5seed_v015__NF-UNSW-NB15-v3-Historical-Pilot-to-NF-UNSW-NB15-v3-Future-Session-Aligned-Pilot__supported_6class_capture_session_and_prevalence_shift__paired_naive_replay_B050__seed53\resolved_config.yaml,replay,20,True,1784378814.0532205,"{'calibration_end_window': 30, 'calibration_median': 0.06491277910944739, 'calibration_raw_mad': 0.010370721066346001, 'calibration_scaled_mad': 0.01537563105296458, 'calibration_start_window': 10, 'calibration_window_count': 20, 'consecutive_windows': 2, 'mad_multiplier': 3.0, 'mean_shift_threshold': 0.11103967226834113, 'monitoring_start_window': 30, 'one_shot': True, 'reference_end_window': 10, 'reference_mode': 'target_warmup', 'reference_start_window': 0, 'target_labels_used': False, 'threshold_method': 'median_plus_scaled_mad'}",[41],0.0,1.0,10.0,0.0004166666666666667,[41],absolute,"[{'classes': {'Benign': {'final_memory_count': 500, 'incoming_count': 40}, 'DoS': {'final_memory_count': 398, 'incoming_count': 1}, 'Exploits': {'final_memory_count': 500, 'incoming_count': 5}, 'Fuzzers': {'final_memory_count': 500, 'incoming_count': 2}, 'Generic': {'final_memory_count': 386, 'incoming_count': 1}, 'Reconnaissance': {'final_memory_count': 500, 'incoming_count': 1}}, 'update_rule': 'replay'}]","{'Benign': 40, 'DoS': 1, 'Exploits': 5, 'Fuzzers': 2, 'Generic': 1, 'Reconnaissance': 1}",53.0
True,48,20,0.6656957163072941,0.42497290550498185,,0.42497290550498185,0.3126495826605997,0.9947681688519054,,24,5000,0.0,0.6721220999897923,0.3479085431354348,0.30721964112841027,0.46815774305231217,,,0.30721964112841027,0.6656957163072941,"['Benign', 'DoS', 'Exploits', 'Fuzzers', 'Generic', 'Reconnaissance']","{'change_boundary_aligned_to_evaluation_blocks': True, 'drift_calibration_excludes_target_labels': True, 'evaluation_uses_pre_update_predictions': True, 'initial_model_saw_novel_target_class_names': False, 'label_budget_respected': True, 'predictions_scored_before_updates': True, 'preprocessing_fit_on_source_only': True}",200,0.0,200,0.44845344836418505,,0.44845344836418505,0.0003716593182673367,paired_naive_replay_B200,prototype,1.2-decoupled-support-aware-evaluation,0.27056026458740234,0.3126495826605997,[],573.28515625,0.9947681688519054,1.842361300077755,0.3126495826605997,,,,"mean(known-class macro-F1, novel safe-or-correct rate when novel rows occur), summarized over support-eligible evaluation blocks",E05_UNSW_paired_5seed_v015,supported_6class_capture_session_and_prevalence_shift,1.5353010833981292e-05,53,NF-UNSW-NB15-v3-Historical-Pilot,3030,0.33527219102444245,4,0.6079763701601844,chronological,0.3409760924695223,0.994753732207981,500,NF-UNSW-NB15-v3-Future-Session-Aligned-Pilot,120000,1.0,4,40,0.007783800014294684,1,240,naive_B200,C:\Users\ASUS\raids-nids\results\runs\E05_UNSW_paired_5seed_v015__NF-UNSW-NB15-v3-Historical-Pilot-to-NF-UNSW-NB15-v3-Future-Session-Aligned-Pilot__supported_6class_capture_session_and_prevalence_shift__paired_naive_replay_B200__seed53\summary.json,C:\Users\ASUS\raids-nids\results\runs\E05_UNSW_paired_5seed_v015__NF-UNSW-NB15-v3-Historical-Pilot-to-NF-UNSW-NB15-v3-Future-Session-Aligned-Pilot__supported_6class_capture_session_and_prevalence_shift__paired_naive_replay_B200__seed53\resolved_config.yaml,replay,20,True,1784378919.5359137,"{'calibration_end_window': 30, 'calibration_median': 0.06491277910944739, 'calibration_raw_mad': 0.010370721066346001, 'calibration_scaled_mad': 0.01537563105296458, 'calibration_start_window': 10, 'calibration_window_count': 20, 'consecutive_windows': 2, 'mad_multiplier': 3.0, 'mean_shift_threshold': 0.11103967226834113, 'monitoring_start_window': 30, 'one_shot': True, 'reference_end_window': 10, 'reference_mode': 'target_warmup', 'reference_start_window': 0, 'target_labels_used': False, 'threshold_method': 'median_plus_scaled_mad'}",[41],0.0,1.0,10.0,0.0016666666666666668,[41],absolute,"[{'classes': {'Benign': {'final_memory_count': 500, 'incoming_count': 177}, 'DoS': {'final_memory_count': 401, 'incoming_count': 4}, 'Exploits': {'final_memory_count': 500, 'incoming_count': 12}, 'Fuzzers': {'final_memory_count': 500, 'incoming_count': 4}, 'Generic': {'final_memory_count': 387, 'incoming_count': 2}, 'Reconnaissance': {'final_memory_count': 500, 'incoming_count': 1}}, 'update_rule': 'replay'}]","{'Benign': 177, 'DoS': 4, 'Exploits': 12, 'Fuzzers': 4, 'Generic': 2, 'Reconnaissance': 1}",53.0
False,48,20,0.6798849225125243,0.42436009524060075,,0.42436009524060075,0.31191034276503077,0.9947681688519054,,24,5000,0.0,0.7232347999815829,0.34875700093934814,0.3062008772462576,0.4670160065790853,,,0.3062008772462576,0.6798849225125243,"['Benign', 'DoS', 'Exploits', 'Fuzzers', 'Generic', 'Reconnaissance']","{'change_boundary_aligned_to_evaluation_blocks': True, 'drift_calibration_excludes_target_labels': True, 'evaluation_uses_pre_update_predictions': True, 'initial_model_saw_novel_target_class_names': False, 'label_budget_respected': True, 'predictions_scored_before_updates': True, 'preprocessing_fit_on_source_only': True}",0,0.0,0,0.4484288137305418,,0.4484288137305418,0.0,paired_prototype_static,prototype,1.2-decoupled-support-aware-evaluation,0.269744873046875,0.31191034276503077,[],571.0078125,0.9947681688519054,1.7813846002391074,0.31191034276503077,,,,"mean(known-class macro-F1, novel safe-or-correct rate when novel rows occur), summarized over support-eligible evaluation blocks",E05_UNSW_paired_5seed_v015,supported_6class_capture_session_and_prevalence_shift,1.4844871668659228e-05,53,NF-UNSW-NB15-v3-Historical-Pilot,3030,0.33527219102444245,4,0.6079763701601844,chronological,0.3409463750033648,0.994753732207981,500,NF-UNSW-NB15-v3-Future-Session-Aligned-Pilot,120000,1.0,4,40,0.0,0,240,prototype_static,C:\Users\ASUS\raids-nids\results\runs\E05_UNSW_paired_5seed_v015__NF-UNSW-NB15-v3-Historical-Pilot-to-NF-UNSW-NB15-v3-Future-Session-Aligned-Pilot__supported_6class_capture_session_and_prevalence_shift__paired_prototype_static__seed53\summary.json,C:\Users\ASUS\raids-nids\results\runs\E05_UNSW_paired_5seed_v015__NF-UNSW-NB15-v3-Historical-Pilot-to-NF-UNSW-NB15-v3-Future-Session-Aligned-Pilot__supported_6class_capture_session_and_prevalence_shift__paired_prototype_static__seed53\resolved_config.yaml,replay,20,True,1784378752.4079628,"{'calibration_end_window': 30, 'calibration_median': 0.06491277910944739, 'calibration_raw_mad': 0.010370721066346001, 'calibration_scaled_mad': 0.01537563105296458, 'calibration_start_window': 10, 'calibration_window_count': 20, 'consecutive_windows': 2, 'mad_multiplier': 3.0, 'mean_shift_threshold': 0.11103967226834113, 'monitoring_start_window': 30, 'one_shot': True, 'reference_end_window': 10, 'reference_mode': 'target_warmup', 'reference_start_window': 0, 'target_labels_used': False, 'threshold_method': 'median_plus_scaled_mad'}",[41],0.0,0.0,10.0,0.0,[],absolute,[],{},53.0
True,48,20,0.66578049334477,0.42821040675722394,,0.42821040675722394,0.32002768193683856,0.9881252593993259,,24,5000,0.0,0.6630717999942135,0.36466593212437964,0.31295794986063225,0.4670340740291627,,,0.31295794986063225,0.66578049334477,"['Benign', 'DoS', 'Exploits', 'Fuzzers', 'Generic', 'Reconnaissance']","{'change_boundary_aligned_to_evaluation_blocks': True, 'drift_calibration_excludes_target_labels': True, 'evaluation_uses_pre_update_predictions': True, 'initial_model_saw_novel_target_class_names': False, 'label_budget_respected': True, 'predictions_scored_before_updates': True, 'preprocessing_fit_on_source_only': True}",50,0.0,50,0.45386408372275694,,0.45386408372275694,0.0,paired_source_anchored_B050,prototype,1.2-decoupled-support-aware-evaluation,0.2716054916381836,0.32002768193683856,[],574.609375,0.9881252593993259,1.6866996002499945,0.32002768193683856,,,,"mean(known-class macro-F1, novel safe-or-correct rate when novel rows occur), summarized over support-eligible evaluation blocks",E05_UNSW_paired_5seed_v015,supported_6class_capture_session_and_prevalence_shift,1.4055830002083288e-05,71,NF-UNSW-NB15-v3-Historical-Pilot,3030,0.3493834277766399,4,0.49469785800737864,chronological,0.3511657754421423,0.9880919866474089,500,NF-UNSW-NB15-v3-Future-Session-Aligned-Pilot,120000,1.0,4,40,0.004954400006681681,1,240,anchored_B050,C:\Users\ASUS\raids-nids\results\runs\E05_UNSW_paired_5seed_v015__NF-UNSW-NB15-v3-Historical-Pilot-to-NF-UNSW-NB15-v3-Future-Session-Aligned-Pilot__supported_6class_capture_session_and_prevalence_shift__paired_source_anchored_B050__seed71\summary.json,C:\Users\ASUS\raids-nids\results\runs\E05_UNSW_paired_5seed_v015__NF-UNSW-NB15-v3-Historical-Pilot-to-NF-UNSW-NB15-v3-Future-Session-Aligned-Pilot__supported_6class_capture_session_and_prevalence_shift__paired_source_anchored_B050__seed71\resolved_config.yaml,source_anchored,20,True,1784379143.120351,"{'calibration_end_window': 30, 'calibration_median': 0.06575995769462242, 'calibration_raw_mad': 0.011353851324622525, 'calibration_scaled_mad': 0.016833219973885354, 'calibration_start_window': 10, 'calibration_window_count': 20, 'consecutive_windows': 2, 'mad_multiplier': 3.0, 'mean_shift_threshold': 0.11625961761627848, 'monitoring_start_window': 30, 'one_shot': True, 'reference_end_window': 10, 'reference_mode': 'target_warmup', 'reference_start_window': 0, 'target_labels_used': False, 'threshold_method': 'median_plus_scaled_mad'}",[41],0.0,1.0,10.0,0.0004166666666666667,[41],absolute,"[{'anchor_max_alpha': 0.05, 'anchor_reliability_tau': 25.0, 'classes': {'Benign': {'alpha': 0.045584045584045586, 'cumulative_target_count': 40, 'incoming_count': 40, 'reason': 'anchored_update', 'reliability': 0.6153846153846154, 'source_anchor_weight': 500.0, 'updated': True}, 'DoS': {'alpha': 0.0, 'cumulative_target_count': 1, 'incoming_count': 1, 'reason': 'insufficient_target_support', 'updated': False}, 'Exploits': {'alpha': 0.0016501650165016502, 'cumulative_target_count': 5, 'incoming_count': 5, 'reason': 'anchored_update', 'reliability': 0.16666666666666666, 'source_anchor_weight': 500.0, 'updated': True}, 'Fuzzers': {'alpha': 0.0, 'cumulative_target_count': 2, 'incoming_count': 2, 'reason': 'insufficient_target_support', 'updated': False}, 'Generic': {'alpha': 0.0, 'cumulative_target_count': 1, 'incoming_count': 1, 'reason': 'insufficient_target_support', 'updated': False}, 'Reconnaissance': {'alpha': 0.0, 'cumulative_target_count': 1, 'incoming_count': 1, 'reason': 'insufficient_target_support', 'updated': False}}, 'minimum_target_samples_per_class': 5, 'update_rule': 'source_anchored'}]","{'Benign': 40, 'DoS': 1, 'Exploits': 5, 'Fuzzers': 2, 'Generic': 1, 'Reconnaissance': 1}",71.0
True,48,20,0.6658469620696978,0.4278467275331555,,0.4278467275331555,0.3195860222740268,0.9881252593993259,,24,5000,0.0,0.6834345000097528,0.364335806896073,0.31256537925444833,0.4651218865767707,,,0.31256537925444833,0.6658469620696978,"['Benign', 'DoS', 'Exploits', 'Fuzzers', 'Generic', 'Reconnaissance']","{'change_boundary_aligned_to_evaluation_blocks': True, 'drift_calibration_excludes_target_labels': True, 'evaluation_uses_pre_update_predictions': True, 'initial_model_saw_novel_target_class_names': False, 'label_budget_respected': True, 'predictions_scored_before_updates': True, 'preprocessing_fit_on_source_only': True}",200,0.0,200,0.45333877851260046,,0.45333877851260046,2.2305744621792476e-05,paired_source_anchored_B200,prototype,1.2-decoupled-support-aware-evaluation,0.2716054916381836,0.3195860222740268,[],574.83203125,0.9881252593993259,1.7849825998710003,0.3195860222740268,,,,"mean(known-class macro-F1, novel safe-or-correct rate when novel rows occur), summarized over support-eligible evaluation blocks",E05_UNSW_paired_5seed_v015,supported_6class_capture_session_and_prevalence_shift,1.4874854998925002e-05,71,NF-UNSW-NB15-v3-Historical-Pilot,3030,0.3493834277766399,4,0.49469785800737864,chronological,0.35052781231653624,0.9880919866474089,500,NF-UNSW-NB15-v3-Future-Session-Aligned-Pilot,120000,1.0,4,40,0.008844299998600036,1,240,anchored_B200,C:\Users\ASUS\raids-nids\results\runs\E05_UNSW_paired_5seed_v015__NF-UNSW-NB15-v3-Historical-Pilot-to-NF-UNSW-NB15-v3-Future-Session-Aligned-Pilot__supported_6class_capture_session_and_prevalence_shift__paired_source_anchored_B200__seed71\summary.json,C:\Users\ASUS\raids-nids\results\runs\E05_UNSW_paired_5seed_v015__NF-UNSW-NB15-v3-Historical-Pilot-to-NF-UNSW-NB15-v3-Future-Session-Aligned-Pilot__supported_6class_capture_session_and_prevalence_shift__paired_source_anchored_B200__seed71\resolved_config.yaml,source_anchored,20,True,1784379260.30713,"{'calibration_end_window': 30, 'calibration_median': 0.06575995769462242, 'calibration_raw_mad': 0.011353851324622525, 'calibration_scaled_mad': 0.016833219973885354, 'calibration_start_window': 10, 'calibration_window_count': 20, 'consecutive_windows': 2, 'mad_multiplier': 3.0, 'mean_shift_threshold': 0.11625961761627848, 'monitoring_start_window': 30, 'one_shot': True, 'reference_end_window': 10, 'reference_mode': 'target_warmup', 'reference_start_window': 0, 'target_labels_used': False, 'threshold_method': 'median_plus_scaled_mad'}",[41],0.0,1.0,10.0,0.0016666666666666668,[41],absolute,"[{'anchor_max_alpha': 0.05, 'anchor_reliability_tau': 25.0, 'classes': {'Benign': {'alpha': 0.05, 'cumulative_target_count': 176, 'incoming_count': 176, 'reason': 'anchored_update', 'reliability': 0.8756218905472637, 'source_anchor_weight': 500.0, 'updated': True}, 'DoS': {'alpha': 0.0, 'cumulative_target_count': 4, 'incoming_count': 4, 'reason': 'insufficient_target_support', 'updated': False}, 'Exploits': {'alpha': 0.007601351351351352, 'cumulative_target_count': 12, 'incoming_count': 12, 'reason': 'anchored_update', 'reliability': 0.32432432432432434, 'source_anchor_weight': 500.0, 'updated': True}, 'Fuzzers': {'alpha': 0.0, 'cumulative_target_count': 4, 'incoming_count': 4, 'reason': 'insufficient_target_support', 'updated': False}, 'Generic': {'alpha': 0.0, 'cumulative_target_count': 2, 'incoming_count': 2, 'reason': 'insufficient_target_support', 'updated': False}, 'Reconnaissance': {'alpha': 0.0, 'cumulative_target_count': 2, 'incoming_count': 2, 'reason': 'insufficient_target_support', 'updated': False}}, 'minimum_target_samples_per_class': 5, 'update_rule': 'source_anchored'}]","{'Benign': 176, 'DoS': 4, 'Exploits': 12, 'Fuzzers': 4, 'Generic': 2, 'Reconnaissance': 2}",71.0
True,48,20,0.6629426555069322,0.4283306240537768,,0.4283306240537768,0.320173676338349,0.9881252593993259,,24,5000,0.0,0.6352073999878485,0.36381798134247645,0.3129191476271769,0.4671545449984503,,,0.3129191476271769,0.6629426555069322,"['Benign', 'DoS', 'Exploits', 'Fuzzers', 'Generic', 'Reconnaissance']","{'change_boundary_aligned_to_evaluation_blocks': True, 'drift_calibration_excludes_target_labels': True, 'evaluation_uses_pre_update_predictions': True, 'initial_model_saw_novel_target_class_names': False, 'label_budget_respected': True, 'predictions_scored_before_updates': True, 'preprocessing_fit_on_source_only': True}",50,0.0,50,0.45390228226551405,,0.45390228226551405,0.0,paired_naive_replay_B050,prototype,1.2-decoupled-support-aware-evaluation,0.27037715911865234,0.320173676338349,[],573.33203125,0.9881252593993259,1.714058200159343,0.320173676338349,,,,"mean(known-class macro-F1, novel safe-or-correct rate when novel rows occur), summarized over support-eligible evaluation blocks",E05_UNSW_paired_5seed_v015,supported_6class_capture_session_and_prevalence_shift,1.428381833466119e-05,71,NF-UNSW-NB15-v3-Historical-Pilot,3030,0.3493834277766399,4,0.49469785800737864,chronological,0.351212166114193,0.9880919866474089,500,NF-UNSW-NB15-v3-Future-Session-Aligned-Pilot,120000,1.0,4,40,0.012822399992728606,1,240,naive_B050,C:\Users\ASUS\raids-nids\results\runs\E05_UNSW_paired_5seed_v015__NF-UNSW-NB15-v3-Historical-Pilot-to-NF-UNSW-NB15-v3-Future-Session-Aligned-Pilot__supported_6class_capture_session_and_prevalence_shift__paired_naive_replay_B050__seed71\summary.json,C:\Users\ASUS\raids-nids\results\runs\E05_UNSW_paired_5seed_v015__NF-UNSW-NB15-v3-Historical-Pilot-to-NF-UNSW-NB15-v3-Future-Session-Aligned-Pilot__supported_6class_capture_session_and_prevalence_shift__paired_naive_replay_B050__seed71\resolved_config.yaml,replay,20,True,1784379087.586274,"{'calibration_end_window': 30, 'calibration_median': 0.06575995769462242, 'calibration_raw_mad': 0.011353851324622525, 'calibration_scaled_mad': 0.016833219973885354, 'calibration_start_window': 10, 'calibration_window_count': 20, 'consecutive_windows': 2, 'mad_multiplier': 3.0, 'mean_shift_threshold': 0.11625961761627848, 'monitoring_start_window': 30, 'one_shot': True, 'reference_end_window': 10, 'reference_mode': 'target_warmup', 'reference_start_window': 0, 'target_labels_used': False, 'threshold_method': 'median_plus_scaled_mad'}",[41],0.0,1.0,10.0,0.0004166666666666667,[41],absolute,"[{'classes': {'Benign': {'final_memory_count': 500, 'incoming_count': 40}, 'DoS': {'final_memory_count': 399, 'incoming_count': 1}, 'Exploits': {'final_memory_count': 500, 'incoming_count': 5}, 'Fuzzers': {'final_memory_count': 500, 'incoming_count': 2}, 'Generic': {'final_memory_count': 387, 'incoming_count': 1}, 'Reconnaissance': {'final_memory_count': 500, 'incoming_count': 1}}, 'update_rule': 'replay'}]","{'Benign': 40, 'DoS': 1, 'Exploits': 5, 'Fuzzers': 2, 'Generic': 1, 'Reconnaissance': 1}",71.0
True,48,20,0.6595357719682351,0.42909340674285845,,0.42909340674285845,0.3211000156037317,0.9881252593993259,,24,5000,0.0,0.6490752999961842,0.36485687245529447,0.3137713153595579,0.4674572419016714,,,0.3137713153595579,0.6595357719682351,"['Benign', 'DoS', 'Exploits', 'Fuzzers', 'Generic', 'Reconnaissance']","{'change_boundary_aligned_to_evaluation_blocks': True, 'drift_calibration_excludes_target_labels': True, 'evaluation_uses_pre_update_predictions': True, 'initial_model_saw_novel_target_class_names': False, 'label_budget_respected': True, 'predictions_scored_before_updates': True, 'preprocessing_fit_on_source_only': True}",200,0.0,200,0.4548165095410468,,0.4548165095410468,0.0,paired_naive_replay_B200,prototype,1.2-decoupled-support-aware-evaluation,0.27074337005615234,0.3211000156037317,[],575.3515625,0.9881252593993259,1.8307486003322992,0.3211000156037317,,,,"mean(known-class macro-F1, novel safe-or-correct rate when novel rows occur), summarized over support-eligible evaluation blocks",E05_UNSW_paired_5seed_v015,supported_6class_capture_session_and_prevalence_shift,1.5256238336102494e-05,71,NF-UNSW-NB15-v3-Historical-Pilot,3030,0.3493834277766399,4,0.49469785800737864,chronological,0.35232246024213326,0.9880919866474089,500,NF-UNSW-NB15-v3-Future-Session-Aligned-Pilot,120000,1.0,4,40,0.010694900003727525,1,240,naive_B200,C:\Users\ASUS\raids-nids\results\runs\E05_UNSW_paired_5seed_v015__NF-UNSW-NB15-v3-Historical-Pilot-to-NF-UNSW-NB15-v3-Future-Session-Aligned-Pilot__supported_6class_capture_session_and_prevalence_shift__paired_naive_replay_B200__seed71\summary.json,C:\Users\ASUS\raids-nids\results\runs\E05_UNSW_paired_5seed_v015__NF-UNSW-NB15-v3-Historical-Pilot-to-NF-UNSW-NB15-v3-Future-Session-Aligned-Pilot__supported_6class_capture_session_and_prevalence_shift__paired_naive_replay_B200__seed71\resolved_config.yaml,replay,20,True,1784379199.5741985,"{'calibration_end_window': 30, 'calibration_median': 0.06575995769462242, 'calibration_raw_mad': 0.011353851324622525, 'calibration_scaled_mad': 0.016833219973885354, 'calibration_start_window': 10, 'calibration_window_count': 20, 'consecutive_windows': 2, 'mad_multiplier': 3.0, 'mean_shift_threshold': 0.11625961761627848, 'monitoring_start_window': 30, 'one_shot': True, 'reference_end_window': 10, 'reference_mode': 'target_warmup', 'reference_start_window': 0, 'target_labels_used': False, 'threshold_method': 'median_plus_scaled_mad'}",[41],0.0,1.0,10.0,0.0016666666666666668,[41],absolute,"[{'classes': {'Benign': {'final_memory_count': 500, 'incoming_count': 176}, 'DoS': {'final_memory_count': 402, 'incoming_count': 4}, 'Exploits': {'final_memory_count': 500, 'incoming_count': 12}, 'Fuzzers': {'final_memory_count': 500, 'incoming_count': 4}, 'Generic': {'final_memory_count': 388, 'incoming_count': 2}, 'Reconnaissance': {'final_memory_count': 500, 'incoming_count': 2}}, 'update_rule': 'replay'}]","{'Benign': 176, 'DoS': 4, 'Exploits': 12, 'Fuzzers': 4, 'Generic': 2, 'Reconnaissance': 2}",71.0
False,48,20,0.6659127647492313,0.428592740340938,,0.428592740340938,0.3204919958445063,0.9881252593993259,,24,5000,0.0,0.5897856999945361,0.36558784331292077,0.31340688465597155,0.466132633769402,,,0.31340688465597155,0.6659127647492313,"['Benign', 'DoS', 'Exploits', 'Fuzzers', 'Generic', 'Reconnaissance']","{'change_boundary_aligned_to_evaluation_blocks': True, 'drift_calibration_excludes_target_labels': True, 'evaluation_uses_pre_update_predictions': True, 'initial_model_saw_novel_target_class_names': False, 'label_budget_respected': True, 'predictions_scored_before_updates': True, 'preprocessing_fit_on_source_only': True}",0,0.0,0,0.4544295480884621,,0.4544295480884621,0.0,paired_prototype_static,prototype,1.2-decoupled-support-aware-evaluation,0.269927978515625,0.3204919958445063,[],571.265625,0.9881252593993259,1.6151887998275924,0.3204919958445063,,,,"mean(known-class macro-F1, novel safe-or-correct rate when novel rows occur), summarized over support-eligible evaluation blocks",E05_UNSW_paired_5seed_v015,supported_6class_capture_session_and_prevalence_shift,1.3459906665229937e-05,71,NF-UNSW-NB15-v3-Historical-Pilot,3030,0.3493834277766399,4,0.49469785800737864,chronological,0.3518525103291932,0.9880919866474089,500,NF-UNSW-NB15-v3-Future-Session-Aligned-Pilot,120000,1.0,4,40,0.0,0,240,prototype_static,C:\Users\ASUS\raids-nids\results\runs\E05_UNSW_paired_5seed_v015__NF-UNSW-NB15-v3-Historical-Pilot-to-NF-UNSW-NB15-v3-Future-Session-Aligned-Pilot__supported_6class_capture_session_and_prevalence_shift__paired_prototype_static__seed71\summary.json,C:\Users\ASUS\raids-nids\results\runs\E05_UNSW_paired_5seed_v015__NF-UNSW-NB15-v3-Historical-Pilot-to-NF-UNSW-NB15-v3-Future-Session-Aligned-Pilot__supported_6class_capture_session_and_prevalence_shift__paired_prototype_static__seed71\resolved_config.yaml,replay,20,True,1784379034.1213799,"{'calibration_end_window': 30, 'calibration_median': 0.06575995769462242, 'calibration_raw_mad': 0.011353851324622525, 'calibration_scaled_mad': 0.016833219973885354, 'calibration_start_window': 10, 'calibration_window_count': 20, 'consecutive_windows': 2, 'mad_multiplier': 3.0, 'mean_shift_threshold': 0.11625961761627848, 'monitoring_start_window': 30, 'one_shot': True, 'reference_end_window': 10, 'reference_mode': 'target_warmup', 'reference_start_window': 0, 'target_labels_used': False, 'threshold_method': 'median_plus_scaled_mad'}",[41],0.0,0.0,10.0,0.0,[],absolute,[],{},71.0
True,48,20,0.5996760218472013,0.4354507744482458,,0.4354507744482458,0.32734520854196414,0.9908896883365028,,24,5000,0.0,0.7695375999901444,0.3558950675017476,0.3189032836739261,0.448236381686226,,,0.3189032836739261,0.5996760218472013,"['Benign', 'DoS', 'Exploits', 'Fuzzers', 'Generic', 'Reconnaissance']","{'change_boundary_aligned_to_evaluation_blocks': True, 'drift_calibration_excludes_target_labels': True, 'evaluation_uses_pre_update_predictions': True, 'initial_model_saw_novel_target_class_names': False, 'label_budget_respected': True, 'predictions_scored_before_updates': True, 'preprocessing_fit_on_source_only': True}",50,0.0,50,0.46212131911235166,,0.46212131911235166,0.0,paired_source_anchored_B050,prototype,1.2-decoupled-support-aware-evaluation,0.2715139389038086,0.32734520854196414,[],585.44921875,0.9908896883365028,2.3674369002401363,0.32734520854196414,,,,"mean(known-class macro-F1, novel safe-or-correct rate when novel rows occur), summarized over support-eligible evaluation blocks",E05_UNSW_paired_5seed_v015,supported_6class_capture_session_and_prevalence_shift,1.972864083533447e-05,83,NF-UNSW-NB15-v3-Historical-Pilot,3030,0.3350610928842103,4,0.6027724904872005,chronological,0.35962921600932846,0.9908703822174125,500,NF-UNSW-NB15-v3-Future-Session-Aligned-Pilot,120000,1.0,4,40,0.009528800001135096,1,240,anchored_B050,C:\Users\ASUS\raids-nids\results\runs\E05_UNSW_paired_5seed_v015__NF-UNSW-NB15-v3-Historical-Pilot-to-NF-UNSW-NB15-v3-Future-Session-Aligned-Pilot__supported_6class_capture_session_and_prevalence_shift__paired_source_anchored_B050__seed83\summary.json,C:\Users\ASUS\raids-nids\results\runs\E05_UNSW_paired_5seed_v015__NF-UNSW-NB15-v3-Historical-Pilot-to-NF-UNSW-NB15-v3-Future-Session-Aligned-Pilot__supported_6class_capture_session_and_prevalence_shift__paired_source_anchored_B050__seed83\resolved_config.yaml,source_anchored,20,True,1784380319.270138,"{'calibration_end_window': 30, 'calibration_median': 0.0685449533866794, 'calibration_raw_mad': 0.011643816418811265, 'calibration_scaled_mad': 0.01726312222252958, 'calibration_start_window': 10, 'calibration_window_count': 20, 'consecutive_windows': 2, 'mad_multiplier': 3.0, 'mean_shift_threshold': 0.12033432005426814, 'monitoring_start_window': 30, 'one_shot': True, 'reference_end_window': 10, 'reference_mode': 'target_warmup', 'reference_start_window': 0, 'target_labels_used': False, 'threshold_method': 'median_plus_scaled_mad'}",[41],0.0,1.0,10.0,0.0004166666666666667,[41],absolute,"[{'anchor_max_alpha': 0.05, 'anchor_reliability_tau': 25.0, 'classes': {'Benign': {'alpha': 0.04260341063315041, 'cumulative_target_count': 38, 'incoming_count': 38, 'reason': 'anchored_update', 'reliability': 0.6031746031746031, 'source_anchor_weight': 500.0, 'updated': True}, 'DoS': {'alpha': 0.0, 'cumulative_target_count': 2, 'incoming_count': 2, 'reason': 'insufficient_target_support', 'updated': False}, 'Exploits': {'alpha': 0.0022950401632028557, 'cumulative_target_count': 6, 'incoming_count': 6, 'reason': 'anchored_update', 'reliability': 0.1935483870967742, 'source_anchor_weight': 500.0, 'updated': True}, 'Fuzzers': {'alpha': 0.0, 'cumulative_target_count': 2, 'incoming_count': 2, 'reason': 'insufficient_target_support', 'updated': False}, 'Generic': {'alpha': 0.0, 'cumulative_target_count': 1, 'incoming_count': 1, 'reason': 'insufficient_target_support', 'updated': False}, 'Reconnaissance': {'alpha': 0.0, 'cumulative_target_count': 1, 'incoming_count': 1, 'reason': 'insufficient_target_support', 'updated': False}}, 'minimum_target_samples_per_class': 5, 'update_rule': 'source_anchored'}]","{'Benign': 38, 'DoS': 2, 'Exploits': 6, 'Fuzzers': 2, 'Generic': 1, 'Reconnaissance': 1}",83.0
True,48,20,0.5997806092601397,0.4350720743304728,,0.4350720743304728,0.3268865902450168,0.9908896883365028,,24,5000,0.0,0.8119063000194728,0.3556067820180811,0.3184780378810675,0.4461416200274951,,,0.3184780378810675,0.5997806092601397,"['Benign', 'DoS', 'Exploits', 'Fuzzers', 'Generic', 'Reconnaissance']","{'change_boundary_aligned_to_evaluation_blocks': True, 'drift_calibration_excludes_target_labels': True, 'evaluation_uses_pre_update_predictions': True, 'initial_model_saw_novel_target_class_names': False, 'label_budget_respected': True, 'predictions_scored_before_updates': True, 'preprocessing_fit_on_source_only': True}",200,0.0,200,0.4616784295860706,,0.4616784295860706,0.0,paired_source_anchored_B200,prototype,1.2-decoupled-support-aware-evaluation,0.2715139389038086,0.3268865902450168,[],585.69921875,0.9908896883365028,2.452186999755213,0.3268865902450168,,,,"mean(known-class macro-F1, novel safe-or-correct rate when novel rows occur), summarized over support-eligible evaluation blocks",E05_UNSW_paired_5seed_v015,supported_6class_capture_session_and_prevalence_shift,2.0434891664626776e-05,83,NF-UNSW-NB15-v3-Historical-Pilot,3030,0.3350610928842103,4,0.6027724904872005,chronological,0.359092851777361,0.9908703822174125,500,NF-UNSW-NB15-v3-Future-Session-Aligned-Pilot,120000,1.0,4,40,0.008725499996216968,1,240,anchored_B200,C:\Users\ASUS\raids-nids\results\runs\E05_UNSW_paired_5seed_v015__NF-UNSW-NB15-v3-Historical-Pilot-to-NF-UNSW-NB15-v3-Future-Session-Aligned-Pilot__supported_6class_capture_session_and_prevalence_shift__paired_source_anchored_B200__seed83\summary.json,C:\Users\ASUS\raids-nids\results\runs\E05_UNSW_paired_5seed_v015__NF-UNSW-NB15-v3-Historical-Pilot-to-NF-UNSW-NB15-v3-Future-Session-Aligned-Pilot__supported_6class_capture_session_and_prevalence_shift__paired_source_anchored_B200__seed83\resolved_config.yaml,source_anchored,20,True,1784380466.0120459,"{'calibration_end_window': 30, 'calibration_median': 0.0685449533866794, 'calibration_raw_mad': 0.011643816418811265, 'calibration_scaled_mad': 0.01726312222252958, 'calibration_start_window': 10, 'calibration_window_count': 20, 'consecutive_windows': 2, 'mad_multiplier': 3.0, 'mean_shift_threshold': 0.12033432005426814, 'monitoring_start_window': 30, 'one_shot': True, 'reference_end_window': 10, 'reference_mode': 'target_warmup', 'reference_start_window': 0, 'target_labels_used': False, 'threshold_method': 'median_plus_scaled_mad'}",[41],0.0,1.0,10.0,0.0016666666666666668,[41],absolute,"[{'anchor_max_alpha': 0.05, 'anchor_reliability_tau': 25.0, 'classes': {'Benign': {'alpha': 0.05, 'cumulative_target_count': 177, 'incoming_count': 177, 'reason': 'anchored_update', 'reliability': 0.8762376237623762, 'source_anchor_weight': 500.0, 'updated': True}, 'DoS': {'alpha': 0.0, 'cumulative_target_count': 4, 'incoming_count': 4, 'reason': 'insufficient_target_support', 'updated': False}, 'Exploits': {'alpha': 0.006577516851489455, 'cumulative_target_count': 11, 'incoming_count': 11, 'reason': 'anchored_update', 'reliability': 0.3055555555555556, 'source_anchor_weight': 500.0, 'updated': True}, 'Fuzzers': {'alpha': 0.0, 'cumulative_target_count': 4, 'incoming_count': 4, 'reason': 'insufficient_target_support', 'updated': False}, 'Generic': {'alpha': 0.0, 'cumulative_target_count': 2, 'incoming_count': 2, 'reason': 'insufficient_target_support', 'updated': False}, 'Reconnaissance': {'alpha': 0.0, 'cumulative_target_count': 2, 'incoming_count': 2, 'reason': 'insufficient_target_support', 'updated': False}}, 'minimum_target_samples_per_class': 5, 'update_rule': 'source_anchored'}]","{'Benign': 177, 'DoS': 4, 'Exploits': 11, 'Fuzzers': 4, 'Generic': 2, 'Reconnaissance': 2}",83.0
True,48,20,0.6116396774904957,0.43716309818625687,,0.43716309818625687,0.3294188889019474,0.9908896883365028,,24,5000,0.0,0.8782823999936227,0.35539828950073254,0.3213221808483047,0.45283586058191144,,,0.3213221808483047,0.6116396774904957,"['Benign', 'DoS', 'Exploits', 'Fuzzers', 'Generic', 'Reconnaissance']","{'change_boundary_aligned_to_evaluation_blocks': True, 'drift_calibration_excludes_target_labels': True, 'evaluation_uses_pre_update_predictions': True, 'initial_model_saw_novel_target_class_names': False, 'label_budget_respected': True, 'predictions_scored_before_updates': True, 'preprocessing_fit_on_source_only': True}",50,0.0,50,0.4641866781823643,,0.4641866781823643,0.0,paired_naive_replay_B050,prototype,1.2-decoupled-support-aware-evaluation,0.27037715911865234,0.3294188889019474,[],585.3984375,0.9908896883365028,2.1530975999776274,0.3294188889019474,,,,"mean(known-class macro-F1, novel safe-or-correct rate when novel rows occur), summarized over support-eligible evaluation blocks",E05_UNSW_paired_5seed_v015,supported_6class_capture_session_and_prevalence_shift,1.7942479999813563e-05,83,NF-UNSW-NB15-v3-Historical-Pilot,3030,0.3350610928842103,4,0.6027724904872005,chronological,0.36213048250037927,0.9908703822174125,500,NF-UNSW-NB15-v3-Future-Session-Aligned-Pilot,120000,1.0,4,40,0.011873999988893047,1,240,naive_B050,C:\Users\ASUS\raids-nids\results\runs\E05_UNSW_paired_5seed_v015__NF-UNSW-NB15-v3-Historical-Pilot-to-NF-UNSW-NB15-v3-Future-Session-Aligned-Pilot__supported_6class_capture_session_and_prevalence_shift__paired_naive_replay_B050__seed83\summary.json,C:\Users\ASUS\raids-nids\results\runs\E05_UNSW_paired_5seed_v015__NF-UNSW-NB15-v3-Historical-Pilot-to-NF-UNSW-NB15-v3-Future-Session-Aligned-Pilot__supported_6class_capture_session_and_prevalence_shift__paired_naive_replay_B050__seed83\resolved_config.yaml,replay,20,True,1784380243.435032,"{'calibration_end_window': 30, 'calibration_median': 0.0685449533866794, 'calibration_raw_mad': 0.011643816418811265, 'calibration_scaled_mad': 0.01726312222252958, 'calibration_start_window': 10, 'calibration_window_count': 20, 'consecutive_windows': 2, 'mad_multiplier': 3.0, 'mean_shift_threshold': 0.12033432005426814, 'monitoring_start_window': 30, 'one_shot': True, 'reference_end_window': 10, 'reference_mode': 'target_warmup', 'reference_start_window': 0, 'target_labels_used': False, 'threshold_method': 'median_plus_scaled_mad'}",[41],0.0,1.0,10.0,0.0004166666666666667,[41],absolute,"[{'classes': {'Benign': {'final_memory_count': 500, 'incoming_count': 38}, 'DoS': {'final_memory_count': 400, 'incoming_count': 2}, 'Exploits': {'final_memory_count': 500, 'incoming_count': 6}, 'Fuzzers': {'final_memory_count': 500, 'incoming_count': 2}, 'Generic': {'final_memory_count': 386, 'incoming_count': 1}, 'Reconnaissance': {'final_memory_count': 500, 'incoming_count': 1}}, 'update_rule': 'replay'}]","{'Benign': 38, 'DoS': 2, 'Exploits': 6, 'Fuzzers': 2, 'Generic': 1, 'Reconnaissance': 1}",83.0
True,48,20,0.610293665337069,0.433649413061065,,0.433649413061065,0.32516370066065203,0.9908896883365028,,24,5000,0.0,0.7178978000010829,0.3526383494866705,0.3172212155489132,0.4457367455446368,,,0.3172212155489132,0.610293665337069,"['Benign', 'DoS', 'Exploits', 'Fuzzers', 'Generic', 'Reconnaissance']","{'change_boundary_aligned_to_evaluation_blocks': True, 'drift_calibration_excludes_target_labels': True, 'evaluation_uses_pre_update_predictions': True, 'initial_model_saw_novel_target_class_names': False, 'label_budget_respected': True, 'predictions_scored_before_updates': True, 'preprocessing_fit_on_source_only': True}",200,0.0,200,0.45950523234210233,,0.45950523234210233,0.0013014577460668394,paired_naive_replay_B200,prototype,1.2-decoupled-support-aware-evaluation,0.27065181732177734,0.32516370066065203,[],585.58203125,0.9908896883365028,2.186335900129052,0.32516370066065203,,,,"mean(known-class macro-F1, novel safe-or-correct rate when novel rows occur), summarized over support-eligible evaluation blocks",E05_UNSW_paired_5seed_v015,supported_6class_capture_session_and_prevalence_shift,1.8219465834408766e-05,83,NF-UNSW-NB15-v3-Historical-Pilot,3030,0.3350610928842103,4,0.6027724904872005,chronological,0.35646098716664765,0.9908703822174125,500,NF-UNSW-NB15-v3-Future-Session-Aligned-Pilot,120000,1.0,4,40,0.01131649999297224,1,240,naive_B200,C:\Users\ASUS\raids-nids\results\runs\E05_UNSW_paired_5seed_v015__NF-UNSW-NB15-v3-Historical-Pilot-to-NF-UNSW-NB15-v3-Future-Session-Aligned-Pilot__supported_6class_capture_session_and_prevalence_shift__paired_naive_replay_B200__seed83\summary.json,C:\Users\ASUS\raids-nids\results\runs\E05_UNSW_paired_5seed_v015__NF-UNSW-NB15-v3-Historical-Pilot-to-NF-UNSW-NB15-v3-Future-Session-Aligned-Pilot__supported_6class_capture_session_and_prevalence_shift__paired_naive_replay_B200__seed83\resolved_config.yaml,replay,20,True,1784380388.3537753,"{'calibration_end_window': 30, 'calibration_median': 0.0685449533866794, 'calibration_raw_mad': 0.011643816418811265, 'calibration_scaled_mad': 0.01726312222252958, 'calibration_start_window': 10, 'calibration_window_count': 20, 'consecutive_windows': 2, 'mad_multiplier': 3.0, 'mean_shift_threshold': 0.12033432005426814, 'monitoring_start_window': 30, 'one_shot': True, 'reference_end_window': 10, 'reference_mode': 'target_warmup', 'reference_start_window': 0, 'target_labels_used': False, 'threshold_method': 'median_plus_scaled_mad'}",[41],0.0,1.0,10.0,0.0016666666666666668,[41],absolute,"[{'classes': {'Benign': {'final_memory_count': 500, 'incoming_count': 177}, 'DoS': {'final_memory_count': 402, 'incoming_count': 4}, 'Exploits': {'final_memory_count': 500, 'incoming_count': 11}, 'Fuzzers': {'final_memory_count': 500, 'incoming_count': 4}, 'Generic': {'final_memory_count': 387, 'incoming_count': 2}, 'Reconnaissance': {'final_memory_count': 500, 'incoming_count': 2}}, 'update_rule': 'replay'}]","{'Benign': 177, 'DoS': 4, 'Exploits': 11, 'Fuzzers': 4, 'Generic': 2, 'Reconnaissance': 2}",83.0
False,48,20,0.6034614299031893,0.4347159196135674,,0.4347159196135674,0.3264552751699715,0.9908896883365028,,24,5000,0.0,0.7066703999880701,0.35531694680418063,0.3181134322775938,0.445519287897965,,,0.3181134322775938,0.6034614299031893,"['Benign', 'DoS', 'Exploits', 'Fuzzers', 'Generic', 'Reconnaissance']","{'change_boundary_aligned_to_evaluation_blocks': True, 'drift_calibration_excludes_target_labels': True, 'evaluation_uses_pre_update_predictions': True, 'initial_model_saw_novel_target_class_names': False, 'label_budget_respected': True, 'predictions_scored_before_updates': True, 'preprocessing_fit_on_source_only': True}",0,0.0,0,0.4614129730179245,,0.4614129730179245,0.0,paired_prototype_static,prototype,1.2-decoupled-support-aware-evaluation,0.26983642578125,0.3264552751699715,[],579.234375,0.9908896883365028,1.8110618999926373,0.3264552751699715,,,,"mean(known-class macro-F1, novel safe-or-correct rate when novel rows occur), summarized over support-eligible evaluation blocks",E05_UNSW_paired_5seed_v015,supported_6class_capture_session_and_prevalence_shift,1.5092182499938644e-05,83,NF-UNSW-NB15-v3-Historical-Pilot,3030,0.3350610928842103,4,0.6027724904872005,chronological,0.3587713688796057,0.9908703822174125,500,NF-UNSW-NB15-v3-Future-Session-Aligned-Pilot,120000,1.0,4,40,0.0,0,240,prototype_static,C:\Users\ASUS\raids-nids\results\runs\E05_UNSW_paired_5seed_v015__NF-UNSW-NB15-v3-Historical-Pilot-to-NF-UNSW-NB15-v3-Future-Session-Aligned-Pilot__supported_6class_capture_session_and_prevalence_shift__paired_prototype_static__seed83\summary.json,C:\Users\ASUS\raids-nids\results\runs\E05_UNSW_paired_5seed_v015__NF-UNSW-NB15-v3-Historical-Pilot-to-NF-UNSW-NB15-v3-Future-Session-Aligned-Pilot__supported_6class_capture_session_and_prevalence_shift__paired_prototype_static__seed83\resolved_config.yaml,replay,20,True,1784380177.7039285,"{'calibration_end_window': 30, 'calibration_median': 0.0685449533866794, 'calibration_raw_mad': 0.011643816418811265, 'calibration_scaled_mad': 0.01726312222252958, 'calibration_start_window': 10, 'calibration_window_count': 20, 'consecutive_windows': 2, 'mad_multiplier': 3.0, 'mean_shift_threshold': 0.12033432005426814, 'monitoring_start_window': 30, 'one_shot': True, 'reference_end_window': 10, 'reference_mode': 'target_warmup', 'reference_start_window': 0, 'target_labels_used': False, 'threshold_method': 'median_plus_scaled_mad'}",[41],0.0,0.0,10.0,0.0,[],absolute,[],{},83.0
True,48,20,0.691082771266921,0.4204763825261349,,0.4204763825261349,0.3100403588147486,0.9892779077402913,,24,5000,0.0,0.7565778999996837,0.35171675862293766,0.3043344969103286,0.4476840620602236,,,0.3043344969103286,0.691082771266921,"['Benign', 'DoS', 'Exploits', 'Fuzzers', 'Generic', 'Reconnaissance']","{'change_boundary_aligned_to_evaluation_blocks': True, 'drift_calibration_excludes_target_labels': True, 'evaluation_uses_pre_update_predictions': True, 'initial_model_saw_novel_target_class_names': False, 'label_budget_respected': True, 'predictions_scored_before_updates': True, 'preprocessing_fit_on_source_only': True}",50,0.0,50,0.44972726999076934,,0.44972726999076934,0.0,paired_source_anchored_B050,prototype,1.2-decoupled-support-aware-evaluation,0.2715139389038086,0.3100403588147486,[],585.828125,0.9892779077402913,2.048415699682664,0.3100403588147486,,,,"mean(known-class macro-F1, novel safe-or-correct rate when novel rows occur), summarized over support-eligible evaluation blocks",E05_UNSW_paired_5seed_v015,supported_6class_capture_session_and_prevalence_shift,1.7070130830688867e-05,97,NF-UNSW-NB15-v3-Historical-Pilot,3030,0.33153452863774496,4,0.5633888658097992,chronological,0.34550906367644935,0.9892486279141028,500,NF-UNSW-NB15-v3-Future-Session-Aligned-Pilot,120000,1.0,4,40,0.009066499973414466,1,240,anchored_B050,C:\Users\ASUS\raids-nids\results\runs\E05_UNSW_paired_5seed_v015__NF-UNSW-NB15-v3-Historical-Pilot-to-NF-UNSW-NB15-v3-Future-Session-Aligned-Pilot__supported_6class_capture_session_and_prevalence_shift__paired_source_anchored_B050__seed97\summary.json,C:\Users\ASUS\raids-nids\results\runs\E05_UNSW_paired_5seed_v015__NF-UNSW-NB15-v3-Historical-Pilot-to-NF-UNSW-NB15-v3-Future-Session-Aligned-Pilot__supported_6class_capture_session_and_prevalence_shift__paired_source_anchored_B050__seed97\resolved_config.yaml,source_anchored,20,True,1784380713.4395275,"{'calibration_end_window': 30, 'calibration_median': 0.06659934396720602, 'calibration_raw_mad': 0.01244587988141417, 'calibration_scaled_mad': 0.01845226151218465, 'calibration_start_window': 10, 'calibration_window_count': 20, 'consecutive_windows': 2, 'mad_multiplier': 3.0, 'mean_shift_threshold': 0.12195612850375996, 'monitoring_start_window': 30, 'one_shot': True, 'reference_end_window': 10, 'reference_mode': 'target_warmup', 'reference_start_window': 0, 'target_labels_used': False, 'threshold_method': 'median_plus_scaled_mad'}",[41],0.0,1.0,10.0,0.0004166666666666667,[41],absolute,"[{'anchor_max_alpha': 0.05, 'anchor_reliability_tau': 25.0, 'classes': {'Benign': {'alpha': 0.044092068645640074, 'cumulative_target_count': 39, 'incoming_count': 39, 'reason': 'anchored_update', 'reliability': 0.609375, 'source_anchor_weight': 500.0, 'updated': True}, 'DoS': {'alpha': 0.0, 'cumulative_target_count': 1, 'incoming_count': 1, 'reason': 'insufficient_target_support', 'updated': False}, 'Exploits': {'alpha': 0.0030202169625246546, 'cumulative_target_count': 7, 'incoming_count': 7, 'reason': 'anchored_update', 'reliability': 0.21875, 'source_anchor_weight': 500.0, 'updated': True}, 'Fuzzers': {'alpha': 0.0, 'cumulative_target_count': 1, 'incoming_count': 1, 'reason': 'insufficient_target_support', 'updated': False}, 'Generic': {'alpha': 0.0, 'cumulative_target_count': 1, 'incoming_count': 1, 'reason': 'insufficient_target_support', 'updated': False}, 'Reconnaissance': {'alpha': 0.0, 'cumulative_target_count': 1, 'incoming_count': 1, 'reason': 'insufficient_target_support', 'updated': False}}, 'minimum_target_samples_per_class': 5, 'update_rule': 'source_anchored'}]","{'Benign': 39, 'DoS': 1, 'Exploits': 7, 'Fuzzers': 1, 'Generic': 1, 'Reconnaissance': 1}",97.0
True,48,20,0.6913471751115599,0.4201537670877727,,0.4201537670877727,0.3096490243646354,0.9892779077402913,,24,5000,0.0,0.8234544000006281,0.35136121960180017,0.3039447641026043,0.4462841611432092,,,0.3039447641026043,0.6913471751115599,"['Benign', 'DoS', 'Exploits', 'Fuzzers', 'Generic', 'Reconnaissance']","{'change_boundary_aligned_to_evaluation_blocks': True, 'drift_calibration_excludes_target_labels': True, 'evaluation_uses_pre_update_predictions': True, 'initial_model_saw_novel_target_class_names': False, 'label_budget_respected': True, 'predictions_scored_before_updates': True, 'preprocessing_fit_on_source_only': True}",200,0.0,200,0.44942084377227703,,0.44942084377227703,0.0,paired_source_anchored_B200,prototype,1.2-decoupled-support-aware-evaluation,0.2715139389038086,0.3096490243646354,[],585.8515625,0.9892779077402913,2.402984800108243,0.3096490243646354,,,,"mean(known-class macro-F1, novel safe-or-correct rate when novel rows occur), summarized over support-eligible evaluation blocks",E05_UNSW_paired_5seed_v015,supported_6class_capture_session_and_prevalence_shift,2.0024873334235357e-05,97,NF-UNSW-NB15-v3-Historical-Pilot,3030,0.33153452863774496,4,0.5633888658097992,chronological,0.3451373558450561,0.9892486279141028,500,NF-UNSW-NB15-v3-Future-Session-Aligned-Pilot,120000,1.0,4,40,0.007954300002893433,1,240,anchored_B200,C:\Users\ASUS\raids-nids\results\runs\E05_UNSW_paired_5seed_v015__NF-UNSW-NB15-v3-Historical-Pilot-to-NF-UNSW-NB15-v3-Future-Session-Aligned-Pilot__supported_6class_capture_session_and_prevalence_shift__paired_source_anchored_B200__seed97\summary.json,C:\Users\ASUS\raids-nids\results\runs\E05_UNSW_paired_5seed_v015__NF-UNSW-NB15-v3-Historical-Pilot-to-NF-UNSW-NB15-v3-Future-Session-Aligned-Pilot__supported_6class_capture_session_and_prevalence_shift__paired_source_anchored_B200__seed97\resolved_config.yaml,source_anchored,20,True,1784380867.605639,"{'calibration_end_window': 30, 'calibration_median': 0.06659934396720602, 'calibration_raw_mad': 0.01244587988141417, 'calibration_scaled_mad': 0.01845226151218465, 'calibration_start_window': 10, 'calibration_window_count': 20, 'consecutive_windows': 2, 'mad_multiplier': 3.0, 'mean_shift_threshold': 0.12195612850375996, 'monitoring_start_window': 30, 'one_shot': True, 'reference_end_window': 10, 'reference_mode': 'target_warmup', 'reference_start_window': 0, 'target_labels_used': False, 'threshold_method': 'median_plus_scaled_mad'}",[41],0.0,1.0,10.0,0.0016666666666666668,[41],absolute,"[{'anchor_max_alpha': 0.05, 'anchor_reliability_tau': 25.0, 'classes': {'Benign': {'alpha': 0.05, 'cumulative_target_count': 176, 'incoming_count': 176, 'reason': 'anchored_update', 'reliability': 0.8756218905472637, 'source_anchor_weight': 500.0, 'updated': True}, 'DoS': {'alpha': 0.0, 'cumulative_target_count': 4, 'incoming_count': 4, 'reason': 'insufficient_target_support', 'updated': False}, 'Exploits': {'alpha': 0.007601351351351352, 'cumulative_target_count': 12, 'incoming_count': 12, 'reason': 'anchored_update', 'reliability': 0.32432432432432434, 'source_anchor_weight': 500.0, 'updated': True}, 'Fuzzers': {'alpha': 0.0, 'cumulative_target_count': 3, 'incoming_count': 3, 'reason': 'insufficient_target_support', 'updated': False}, 'Generic': {'alpha': 0.0, 'cumulative_target_count': 3, 'incoming_count': 3, 'reason': 'insufficient_target_support', 'updated': False}, 'Reconnaissance': {'alpha': 0.0, 'cumulative_target_count': 2, 'incoming_count': 2, 'reason': 'insufficient_target_support', 'updated': False}}, 'minimum_target_samples_per_class': 5, 'update_rule': 'source_anchored'}]","{'Benign': 176, 'DoS': 4, 'Exploits': 12, 'Fuzzers': 3, 'Generic': 3, 'Reconnaissance': 2}",97.0
True,48,20,0.6911068752717509,0.42156425082017707,,0.42156425082017707,0.3113599495411122,0.9892779077402913,,24,5000,0.0,0.7535958999942522,0.3524425594512322,0.30557663519227046,0.4489297982852307,,,0.30557663519227046,0.6911068752717509,"['Benign', 'DoS', 'Exploits', 'Fuzzers', 'Generic', 'Reconnaissance']","{'change_boundary_aligned_to_evaluation_blocks': True, 'drift_calibration_excludes_target_labels': True, 'evaluation_uses_pre_update_predictions': True, 'initial_model_saw_novel_target_class_names': False, 'label_budget_respected': True, 'predictions_scored_before_updates': True, 'preprocessing_fit_on_source_only': True}",50,0.0,50,0.4510315451507262,,0.4510315451507262,0.0,paired_naive_replay_B050,prototype,1.2-decoupled-support-aware-evaluation,0.27028560638427734,0.3113599495411122,[],585.81640625,0.9892779077402913,2.17610270017758,0.3113599495411122,,,,"mean(known-class macro-F1, novel safe-or-correct rate when novel rows occur), summarized over support-eligible evaluation blocks",E05_UNSW_paired_5seed_v015,supported_6class_capture_session_and_prevalence_shift,1.8134189168146502e-05,97,NF-UNSW-NB15-v3-Historical-Pilot,3030,0.33153452863774496,4,0.5633888658097992,chronological,0.3470912040482266,0.9892486279141028,500,NF-UNSW-NB15-v3-Future-Session-Aligned-Pilot,120000,1.0,4,40,0.010997300007147714,1,240,naive_B050,C:\Users\ASUS\raids-nids\results\runs\E05_UNSW_paired_5seed_v015__NF-UNSW-NB15-v3-Historical-Pilot-to-NF-UNSW-NB15-v3-Future-Session-Aligned-Pilot__supported_6class_capture_session_and_prevalence_shift__paired_naive_replay_B050__seed97\summary.json,C:\Users\ASUS\raids-nids\results\runs\E05_UNSW_paired_5seed_v015__NF-UNSW-NB15-v3-Historical-Pilot-to-NF-UNSW-NB15-v3-Future-Session-Aligned-Pilot__supported_6class_capture_session_and_prevalence_shift__paired_naive_replay_B050__seed97\resolved_config.yaml,replay,20,True,1784380635.0336642,"{'calibration_end_window': 30, 'calibration_median': 0.06659934396720602, 'calibration_raw_mad': 0.01244587988141417, 'calibration_scaled_mad': 0.01845226151218465, 'calibration_start_window': 10, 'calibration_window_count': 20, 'consecutive_windows': 2, 'mad_multiplier': 3.0, 'mean_shift_threshold': 0.12195612850375996, 'monitoring_start_window': 30, 'one_shot': True, 'reference_end_window': 10, 'reference_mode': 'target_warmup', 'reference_start_window': 0, 'target_labels_used': False, 'threshold_method': 'median_plus_scaled_mad'}",[41],0.0,1.0,10.0,0.0004166666666666667,[41],absolute,"[{'classes': {'Benign': {'final_memory_count': 500, 'incoming_count': 39}, 'DoS': {'final_memory_count': 399, 'incoming_count': 1}, 'Exploits': {'final_memory_count': 500, 'incoming_count': 7}, 'Fuzzers': {'final_memory_count': 500, 'incoming_count': 1}, 'Generic': {'final_memory_count': 386, 'incoming_count': 1}, 'Reconnaissance': {'final_memory_count': 500, 'incoming_count': 1}}, 'update_rule': 'replay'}]","{'Benign': 39, 'DoS': 1, 'Exploits': 7, 'Fuzzers': 1, 'Generic': 1, 'Reconnaissance': 1}",97.0
True,48,20,0.6917829332570962,0.42091384583061225,,0.42091384583061225,0.31057100441116325,0.9892779077402913,,24,5000,0.0,0.7486751000105869,0.35275270631739186,0.30481286862595003,0.44896657239803966,,,0.30481286862595003,0.6917829332570962,"['Benign', 'DoS', 'Exploits', 'Fuzzers', 'Generic', 'Reconnaissance']","{'change_boundary_aligned_to_evaluation_blocks': True, 'drift_calibration_excludes_target_labels': True, 'evaluation_uses_pre_update_predictions': True, 'initial_model_saw_novel_target_class_names': False, 'label_budget_respected': True, 'predictions_scored_before_updates': True, 'preprocessing_fit_on_source_only': True}",200,0.0,200,0.4499048883038499,,0.4499048883038499,0.0,paired_naive_replay_B200,prototype,1.2-decoupled-support-aware-evaluation,0.27074337005615234,0.31057100441116325,[],586.8046875,0.9892779077402913,2.0966724998725113,0.31057100441116325,,,,"mean(known-class macro-F1, novel safe-or-correct rate when novel rows occur), summarized over support-eligible evaluation blocks",E05_UNSW_paired_5seed_v015,supported_6class_capture_session_and_prevalence_shift,1.7472270832270928e-05,97,NF-UNSW-NB15-v3-Historical-Pilot,3030,0.33153452863774496,4,0.5633888658097992,chronological,0.34572452212610727,0.9892486279141028,500,NF-UNSW-NB15-v3-Future-Session-Aligned-Pilot,120000,1.0,4,40,0.01217869998072274,1,240,naive_B200,C:\Users\ASUS\raids-nids\results\runs\E05_UNSW_paired_5seed_v015__NF-UNSW-NB15-v3-Historical-Pilot-to-NF-UNSW-NB15-v3-Future-Session-Aligned-Pilot__supported_6class_capture_session_and_prevalence_shift__paired_naive_replay_B200__seed97\summary.json,C:\Users\ASUS\raids-nids\results\runs\E05_UNSW_paired_5seed_v015__NF-UNSW-NB15-v3-Historical-Pilot-to-NF-UNSW-NB15-v3-Future-Session-Aligned-Pilot__supported_6class_capture_session_and_prevalence_shift__paired_naive_replay_B200__seed97\resolved_config.yaml,replay,20,True,1784380789.002949,"{'calibration_end_window': 30, 'calibration_median': 0.06659934396720602, 'calibration_raw_mad': 0.01244587988141417, 'calibration_scaled_mad': 0.01845226151218465, 'calibration_start_window': 10, 'calibration_window_count': 20, 'consecutive_windows': 2, 'mad_multiplier': 3.0, 'mean_shift_threshold': 0.12195612850375996, 'monitoring_start_window': 30, 'one_shot': True, 'reference_end_window': 10, 'reference_mode': 'target_warmup', 'reference_start_window': 0, 'target_labels_used': False, 'threshold_method': 'median_plus_scaled_mad'}",[41],0.0,1.0,10.0,0.0016666666666666668,[41],absolute,"[{'classes': {'Benign': {'final_memory_count': 500, 'incoming_count': 176}, 'DoS': {'final_memory_count': 402, 'incoming_count': 4}, 'Exploits': {'final_memory_count': 500, 'incoming_count': 12}, 'Fuzzers': {'final_memory_count': 500, 'incoming_count': 3}, 'Generic': {'final_memory_count': 388, 'incoming_count': 3}, 'Reconnaissance': {'final_memory_count': 500, 'incoming_count': 2}}, 'update_rule': 'replay'}]","{'Benign': 176, 'DoS': 4, 'Exploits': 12, 'Fuzzers': 3, 'Generic': 3, 'Reconnaissance': 2}",97.0
False,48,20,0.6913471751115599,0.42016559025126127,,0.42016559025126127,0.3096633659324347,0.9892779077402913,,24,5000,0.0,0.8344907000137027,0.3513328475032205,0.3039326440530106,0.4458549374708552,,,0.3039326440530106,0.6913471751115599,"['Benign', 'DoS', 'Exploits', 'Fuzzers', 'Generic', 'Reconnaissance']","{'change_boundary_aligned_to_evaluation_blocks': True, 'drift_calibration_excludes_target_labels': True, 'evaluation_uses_pre_update_predictions': True, 'initial_model_saw_novel_target_class_names': False, 'label_budget_respected': True, 'predictions_scored_before_updates': True, 'preprocessing_fit_on_source_only': True}",0,0.0,0,0.4493460176216668,,0.4493460176216668,0.0,paired_prototype_static,prototype,1.2-decoupled-support-aware-evaluation,0.26983642578125,0.3096633659324347,[],583.40234375,0.9892779077402913,2.3082596998428926,0.3096633659324347,,,,"mean(known-class macro-F1, novel safe-or-correct rate when novel rows occur), summarized over support-eligible evaluation blocks",E05_UNSW_paired_5seed_v015,supported_6class_capture_session_and_prevalence_shift,1.923549749869077e-05,97,NF-UNSW-NB15-v3-Historical-Pilot,3030,0.33153452863774496,4,0.5633888658097992,chronological,0.34504658859181087,0.9892486279141028,500,NF-UNSW-NB15-v3-Future-Session-Aligned-Pilot,120000,1.0,4,40,0.0,0,240,prototype_static,C:\Users\ASUS\raids-nids\results\runs\E05_UNSW_paired_5seed_v015__NF-UNSW-NB15-v3-Historical-Pilot-to-NF-UNSW-NB15-v3-Future-Session-Aligned-Pilot__supported_6class_capture_session_and_prevalence_shift__paired_prototype_static__seed97\summary.json,C:\Users\ASUS\raids-nids\results\runs\E05_UNSW_paired_5seed_v015__NF-UNSW-NB15-v3-Historical-Pilot-to-NF-UNSW-NB15-v3-Future-Session-Aligned-Pilot__supported_6class_capture_session_and_prevalence_shift__paired_prototype_static__seed97\resolved_config.yaml,replay,20,True,1784380547.4313614,"{'calibration_end_window': 30, 'calibration_median': 0.06659934396720602, 'calibration_raw_mad': 0.01244587988141417, 'calibration_scaled_mad': 0.01845226151218465, 'calibration_start_window': 10, 'calibration_window_count': 20, 'consecutive_windows': 2, 'mad_multiplier': 3.0, 'mean_shift_threshold': 0.12195612850375996, 'monitoring_start_window': 30, 'one_shot': True, 'reference_end_window': 10, 'reference_mode': 'target_warmup', 'reference_start_window': 0, 'target_labels_used': False, 'threshold_method': 'median_plus_scaled_mad'}",[41],0.0,0.0,10.0,0.0,[],absolute,[],{},97.0
True,48,20,0.6833051651007165,0.42410613625871174,,0.42410613625871174,0.31497283930275133,0.9882605929266435,,24,5000,0.0,0.6332793000037782,0.3501968897088174,0.3093767463984662,0.4434176244043751,,,0.3093767463984662,0.6833051651007165,"['Benign', 'DoS', 'Exploits', 'Fuzzers', 'Generic', 'Reconnaissance']","{'change_boundary_aligned_to_evaluation_blocks': True, 'drift_calibration_excludes_target_labels': True, 'evaluation_uses_pre_update_predictions': True, 'initial_model_saw_novel_target_class_names': False, 'label_budget_respected': True, 'predictions_scored_before_updates': True, 'preprocessing_fit_on_source_only': True}",50,0.0,50,0.45194575198574516,,0.45194575198574516,0.0,paired_source_anchored_B050,prototype,1.2-decoupled-support-aware-evaluation,0.2716054916381836,0.31497283930275133,[],587.53515625,0.9882605929266435,1.7053374999959487,0.31497283930275133,,,,"mean(known-class macro-F1, novel safe-or-correct rate when novel rows occur), summarized over support-eligible evaluation blocks",E05_UNSW_paired_5seed_v015,supported_6class_capture_session_and_prevalence_shift,1.4211145833299573e-05,109,NF-UNSW-NB15-v3-Historical-Pilot,3030,0.3300804536920476,4,0.5003650752467209,chronological,0.3487574007249529,0.988234876977511,500,NF-UNSW-NB15-v3-Future-Session-Aligned-Pilot,120000,1.0,4,40,0.00939039999502711,1,240,anchored_B050,C:\Users\ASUS\raids-nids\results\runs\E05_UNSW_paired_5seed_v015__NF-UNSW-NB15-v3-Historical-Pilot-to-NF-UNSW-NB15-v3-Future-Session-Aligned-Pilot__supported_6class_capture_session_and_prevalence_shift__paired_source_anchored_B050__seed109\summary.json,C:\Users\ASUS\raids-nids\results\runs\E05_UNSW_paired_5seed_v015__NF-UNSW-NB15-v3-Historical-Pilot-to-NF-UNSW-NB15-v3-Future-Session-Aligned-Pilot__supported_6class_capture_session_and_prevalence_shift__paired_source_anchored_B050__seed109\resolved_config.yaml,source_anchored,20,True,1784381081.1186812,"{'calibration_end_window': 30, 'calibration_median': 0.06748277553087363, 'calibration_raw_mad': 0.00954123143922227, 'calibration_scaled_mad': 0.014145829731790937, 'calibration_start_window': 10, 'calibration_window_count': 20, 'consecutive_windows': 2, 'mad_multiplier': 3.0, 'mean_shift_threshold': 0.10992026472624644, 'monitoring_start_window': 30, 'one_shot': True, 'reference_end_window': 10, 'reference_mode': 'target_warmup', 'reference_start_window': 0, 'target_labels_used': False, 'threshold_method': 'median_plus_scaled_mad'}",[41],0.0,1.0,10.0,0.0004166666666666667,[41],absolute,"[{'anchor_max_alpha': 0.05, 'anchor_reliability_tau': 25.0, 'classes': {'Benign': {'alpha': 0.044092068645640074, 'cumulative_target_count': 39, 'incoming_count': 39, 'reason': 'anchored_update', 'reliability': 0.609375, 'source_anchor_weight': 500.0, 'updated': True}, 'DoS': {'alpha': 0.0, 'cumulative_target_count': 1, 'incoming_count': 1, 'reason': 'insufficient_target_support', 'updated': False}, 'Exploits': {'alpha': 0.0022950401632028557, 'cumulative_target_count': 6, 'incoming_count': 6, 'reason': 'anchored_update', 'reliability': 0.1935483870967742, 'source_anchor_weight': 500.0, 'updated': True}, 'Fuzzers': {'alpha': 0.0, 'cumulative_target_count': 2, 'incoming_count': 2, 'reason': 'insufficient_target_support', 'updated': False}, 'Generic': {'alpha': 0.0, 'cumulative_target_count': 1, 'incoming_count': 1, 'reason': 'insufficient_target_support', 'updated': False}, 'Reconnaissance': {'alpha': 0.0, 'cumulative_target_count': 1, 'incoming_count': 1, 'reason': 'insufficient_target_support', 'updated': False}}, 'minimum_target_samples_per_class': 5, 'update_rule': 'source_anchored'}]","{'Benign': 39, 'DoS': 1, 'Exploits': 6, 'Fuzzers': 2, 'Generic': 1, 'Reconnaissance': 1}",109.0
True,48,20,0.6899954427740875,0.4233425527069459,,0.4233425527069459,0.3140456544400974,0.9882605929266435,,24,5000,0.0,0.7872648000193294,0.349518635339217,0.3087810217997588,0.441349977115528,,,0.3087810217997588,0.6899954427740875,"['Benign', 'DoS', 'Exploits', 'Fuzzers', 'Generic', 'Reconnaissance']","{'change_boundary_aligned_to_evaluation_blocks': True, 'drift_calibration_excludes_target_labels': True, 'evaluation_uses_pre_update_predictions': True, 'initial_model_saw_novel_target_class_names': False, 'label_budget_respected': True, 'predictions_scored_before_updates': True, 'preprocessing_fit_on_source_only': True}",200,0.0,200,0.4512469458740507,,0.4512469458740507,0.0,paired_source_anchored_B200,prototype,1.2-decoupled-support-aware-evaluation,0.2716054916381836,0.3140456544400974,[],586.6875,0.9882605929266435,1.8339591999247205,0.3140456544400974,,,,"mean(known-class macro-F1, novel safe-or-correct rate when novel rows occur), summarized over support-eligible evaluation blocks",E05_UNSW_paired_5seed_v015,supported_6class_capture_session_and_prevalence_shift,1.5282993332706004e-05,109,NF-UNSW-NB15-v3-Historical-Pilot,3030,0.3300804536920476,4,0.5003650752467209,chronological,0.34790885008828826,0.988234876977511,500,NF-UNSW-NB15-v3-Future-Session-Aligned-Pilot,120000,1.0,4,40,0.009732799982884899,1,240,anchored_B200,C:\Users\ASUS\raids-nids\results\runs\E05_UNSW_paired_5seed_v015__NF-UNSW-NB15-v3-Historical-Pilot-to-NF-UNSW-NB15-v3-Future-Session-Aligned-Pilot__supported_6class_capture_session_and_prevalence_shift__paired_source_anchored_B200__seed109\summary.json,C:\Users\ASUS\raids-nids\results\runs\E05_UNSW_paired_5seed_v015__NF-UNSW-NB15-v3-Historical-Pilot-to-NF-UNSW-NB15-v3-Future-Session-Aligned-Pilot__supported_6class_capture_session_and_prevalence_shift__paired_source_anchored_B200__seed109\resolved_config.yaml,source_anchored,20,True,1784381208.6406243,"{'calibration_end_window': 30, 'calibration_median': 0.06748277553087363, 'calibration_raw_mad': 0.00954123143922227, 'calibration_scaled_mad': 0.014145829731790937, 'calibration_start_window': 10, 'calibration_window_count': 20, 'consecutive_windows': 2, 'mad_multiplier': 3.0, 'mean_shift_threshold': 0.10992026472624644, 'monitoring_start_window': 30, 'one_shot': True, 'reference_end_window': 10, 'reference_mode': 'target_warmup', 'reference_start_window': 0, 'target_labels_used': False, 'threshold_method': 'median_plus_scaled_mad'}",[41],0.0,1.0,10.0,0.0016666666666666668,[41],absolute,"[{'anchor_max_alpha': 0.05, 'anchor_reliability_tau': 25.0, 'classes': {'Benign': {'alpha': 0.05, 'cumulative_target_count': 177, 'incoming_count': 177, 'reason': 'anchored_update', 'reliability': 0.8762376237623762, 'source_anchor_weight': 500.0, 'updated': True}, 'DoS': {'alpha': 0.0, 'cumulative_target_count': 4, 'incoming_count': 4, 'reason': 'insufficient_target_support', 'updated': False}, 'Exploits': {'alpha': 0.006577516851489455, 'cumulative_target_count': 11, 'incoming_count': 11, 'reason': 'anchored_update', 'reliability': 0.3055555555555556, 'source_anchor_weight': 500.0, 'updated': True}, 'Fuzzers': {'alpha': 0.0, 'cumulative_target_count': 3, 'incoming_count': 3, 'reason': 'insufficient_target_support', 'updated': False}, 'Generic': {'alpha': 0.0, 'cumulative_target_count': 3, 'incoming_count': 3, 'reason': 'insufficient_target_support', 'updated': False}, 'Reconnaissance': {'alpha': 0.0, 'cumulative_target_count': 2, 'incoming_count': 2, 'reason': 'insufficient_target_support', 'updated': False}}, 'minimum_target_samples_per_class': 5, 'update_rule': 'source_anchored'}]","{'Benign': 177, 'DoS': 4, 'Exploits': 11, 'Fuzzers': 3, 'Generic': 3, 'Reconnaissance': 2}",109.0
True,48,20,0.6883200431994327,0.42333750141709375,,0.42333750141709375,0.31403952088801,0.9882605929266435,,24,5000,0.0,0.7705829000042286,0.3487701590237094,0.308630053809782,0.44234667871056854,,,0.308630053809782,0.6883200431994327,"['Benign', 'DoS', 'Exploits', 'Fuzzers', 'Generic', 'Reconnaissance']","{'change_boundary_aligned_to_evaluation_blocks': True, 'drift_calibration_excludes_target_labels': True, 'evaluation_uses_pre_update_predictions': True, 'initial_model_saw_novel_target_class_names': False, 'label_budget_respected': True, 'predictions_scored_before_updates': True, 'preprocessing_fit_on_source_only': True}",50,0.0,50,0.451177789071147,,0.451177789071147,0.0,paired_naive_replay_B050,prototype,1.2-decoupled-support-aware-evaluation,0.27037715911865234,0.31403952088801,[],587.49609375,0.9882605929266435,1.6715190999675542,0.31403952088801,,,,"mean(known-class macro-F1, novel safe-or-correct rate when novel rows occur), summarized over support-eligible evaluation blocks",E05_UNSW_paired_5seed_v015,supported_6class_capture_session_and_prevalence_shift,1.3929325833062952e-05,109,NF-UNSW-NB15-v3-Historical-Pilot,3030,0.3300804536920476,4,0.5003650752467209,chronological,0.3478248739350299,0.988234876977511,500,NF-UNSW-NB15-v3-Future-Session-Aligned-Pilot,120000,1.0,4,40,0.01210769999306649,1,240,naive_B050,C:\Users\ASUS\raids-nids\results\runs\E05_UNSW_paired_5seed_v015__NF-UNSW-NB15-v3-Historical-Pilot-to-NF-UNSW-NB15-v3-Future-Session-Aligned-Pilot__supported_6class_capture_session_and_prevalence_shift__paired_naive_replay_B050__seed109\summary.json,C:\Users\ASUS\raids-nids\results\runs\E05_UNSW_paired_5seed_v015__NF-UNSW-NB15-v3-Historical-Pilot-to-NF-UNSW-NB15-v3-Future-Session-Aligned-Pilot__supported_6class_capture_session_and_prevalence_shift__paired_naive_replay_B050__seed109\resolved_config.yaml,replay,20,True,1784381025.9238987,"{'calibration_end_window': 30, 'calibration_median': 0.06748277553087363, 'calibration_raw_mad': 0.00954123143922227, 'calibration_scaled_mad': 0.014145829731790937, 'calibration_start_window': 10, 'calibration_window_count': 20, 'consecutive_windows': 2, 'mad_multiplier': 3.0, 'mean_shift_threshold': 0.10992026472624644, 'monitoring_start_window': 30, 'one_shot': True, 'reference_end_window': 10, 'reference_mode': 'target_warmup', 'reference_start_window': 0, 'target_labels_used': False, 'threshold_method': 'median_plus_scaled_mad'}",[41],0.0,1.0,10.0,0.0004166666666666667,[41],absolute,"[{'classes': {'Benign': {'final_memory_count': 500, 'incoming_count': 39}, 'DoS': {'final_memory_count': 399, 'incoming_count': 1}, 'Exploits': {'final_memory_count': 500, 'incoming_count': 6}, 'Fuzzers': {'final_memory_count': 500, 'incoming_count': 2}, 'Generic': {'final_memory_count': 387, 'incoming_count': 1}, 'Reconnaissance': {'final_memory_count': 500, 'incoming_count': 1}}, 'update_rule': 'replay'}]","{'Benign': 39, 'DoS': 1, 'Exploits': 6, 'Fuzzers': 2, 'Generic': 1, 'Reconnaissance': 1}",109.0
True,48,20,0.6837837820972315,0.42602976596304204,,0.42602976596304204,0.31730861557645695,0.9882605929266435,,24,5000,0.0,0.7212648999993689,0.3531441560942945,0.3119051662018612,0.4521947167423332,,,0.3119051662018612,0.6837837820972315,"['Benign', 'DoS', 'Exploits', 'Fuzzers', 'Generic', 'Reconnaissance']","{'change_boundary_aligned_to_evaluation_blocks': True, 'drift_calibration_excludes_target_labels': True, 'evaluation_uses_pre_update_predictions': True, 'initial_model_saw_novel_target_class_names': False, 'label_budget_respected': True, 'predictions_scored_before_updates': True, 'preprocessing_fit_on_source_only': True}",200,0.0,200,0.4544390238894224,,0.4544390238894224,0.0,paired_naive_replay_B200,prototype,1.2-decoupled-support-aware-evaluation,0.27083492279052734,0.31730861557645695,[],585.71484375,0.9882605929266435,1.7745155999436975,0.31730861557645695,,,,"mean(known-class macro-F1, novel safe-or-correct rate when novel rows occur), summarized over support-eligible evaluation blocks",E05_UNSW_paired_5seed_v015,supported_6class_capture_session_and_prevalence_shift,1.4787629999530812e-05,109,NF-UNSW-NB15-v3-Historical-Pilot,3030,0.3300804536920476,4,0.5003650752467209,chronological,0.3517798410851761,0.988234876977511,500,NF-UNSW-NB15-v3-Future-Session-Aligned-Pilot,120000,1.0,4,40,0.00977850001072511,1,240,naive_B200,C:\Users\ASUS\raids-nids\results\runs\E05_UNSW_paired_5seed_v015__NF-UNSW-NB15-v3-Historical-Pilot-to-NF-UNSW-NB15-v3-Future-Session-Aligned-Pilot__supported_6class_capture_session_and_prevalence_shift__paired_naive_replay_B200__seed109\summary.json,C:\Users\ASUS\raids-nids\results\runs\E05_UNSW_paired_5seed_v015__NF-UNSW-NB15-v3-Historical-Pilot-to-NF-UNSW-NB15-v3-Future-Session-Aligned-Pilot__supported_6class_capture_session_and_prevalence_shift__paired_naive_replay_B200__seed109\resolved_config.yaml,replay,20,True,1784381145.3474295,"{'calibration_end_window': 30, 'calibration_median': 0.06748277553087363, 'calibration_raw_mad': 0.00954123143922227, 'calibration_scaled_mad': 0.014145829731790937, 'calibration_start_window': 10, 'calibration_window_count': 20, 'consecutive_windows': 2, 'mad_multiplier': 3.0, 'mean_shift_threshold': 0.10992026472624644, 'monitoring_start_window': 30, 'one_shot': True, 'reference_end_window': 10, 'reference_mode': 'target_warmup', 'reference_start_window': 0, 'target_labels_used': False, 'threshold_method': 'median_plus_scaled_mad'}",[41],0.0,1.0,10.0,0.0016666666666666668,[41],absolute,"[{'classes': {'Benign': {'final_memory_count': 500, 'incoming_count': 177}, 'DoS': {'final_memory_count': 402, 'incoming_count': 4}, 'Exploits': {'final_memory_count': 500, 'incoming_count': 11}, 'Fuzzers': {'final_memory_count': 500, 'incoming_count': 3}, 'Generic': {'final_memory_count': 389, 'incoming_count': 3}, 'Reconnaissance': {'final_memory_count': 500, 'incoming_count': 2}}, 'update_rule': 'replay'}]","{'Benign': 177, 'DoS': 4, 'Exploits': 11, 'Fuzzers': 3, 'Generic': 3, 'Reconnaissance': 2}",109.0
False,48,20,0.6868253241437015,0.42340186704084726,,0.42340186704084726,0.31411767714462596,0.9882605929266435,,24,5000,0.0,0.8777078999846708,0.349446930227651,0.30875163152896473,0.44098210058362325,,,0.30875163152896473,0.6868253241437015,"['Benign', 'DoS', 'Exploits', 'Fuzzers', 'Generic', 'Reconnaissance']","{'change_boundary_aligned_to_evaluation_blocks': True, 'drift_calibration_excludes_target_labels': True, 'evaluation_uses_pre_update_predictions': True, 'initial_model_saw_novel_target_class_names': False, 'label_budget_respected': True, 'predictions_scored_before_updates': True, 'preprocessing_fit_on_source_only': True}",0,0.0,0,0.45119773592710916,,0.45119773592710916,0.0,paired_prototype_static,prototype,1.2-decoupled-support-aware-evaluation,0.269927978515625,0.31411767714462596,[],582.49609375,0.9882605929266435,2.474365899892291,0.31411767714462596,,,,"mean(known-class macro-F1, novel safe-or-correct rate when novel rows occur), summarized over support-eligible evaluation blocks",E05_UNSW_paired_5seed_v015,supported_6class_capture_session_and_prevalence_shift,2.061971583243576e-05,109,NF-UNSW-NB15-v3-Historical-Pilot,3030,0.3300804536920476,4,0.5003650752467209,chronological,0.3478490951274935,0.988234876977511,500,NF-UNSW-NB15-v3-Future-Session-Aligned-Pilot,120000,1.0,4,40,0.0,0,240,prototype_static,C:\Users\ASUS\raids-nids\results\runs\E05_UNSW_paired_5seed_v015__NF-UNSW-NB15-v3-Historical-Pilot-to-NF-UNSW-NB15-v3-Future-Session-Aligned-Pilot__supported_6class_capture_session_and_prevalence_shift__paired_prototype_static__seed109\summary.json,C:\Users\ASUS\raids-nids\results\runs\E05_UNSW_paired_5seed_v015__NF-UNSW-NB15-v3-Historical-Pilot-to-NF-UNSW-NB15-v3-Future-Session-Aligned-Pilot__supported_6class_capture_session_and_prevalence_shift__paired_prototype_static__seed109\resolved_config.yaml,replay,20,True,1784380954.983934,"{'calibration_end_window': 30, 'calibration_median': 0.06748277553087363, 'calibration_raw_mad': 0.00954123143922227, 'calibration_scaled_mad': 0.014145829731790937, 'calibration_start_window': 10, 'calibration_window_count': 20, 'consecutive_windows': 2, 'mad_multiplier': 3.0, 'mean_shift_threshold': 0.10992026472624644, 'monitoring_start_window': 30, 'one_shot': True, 'reference_end_window': 10, 'reference_mode': 'target_warmup', 'reference_start_window': 0, 'target_labels_used': False, 'threshold_method': 'median_plus_scaled_mad'}",[41],0.0,0.0,10.0,0.0,[],absolute,[],{},109.0
True,48,20,0.6426908893535834,0.42820531876255136,,0.42820531876255136,0.3164566621136361,0.9949457916025485,,24,5000,0.0,0.6629370999871753,0.3467286408062146,0.312107381390163,0.4729555878871847,,,0.312107381390163,0.6426908893535834,"['Benign', 'DoS', 'Exploits', 'Fuzzers', 'Generic', 'Reconnaissance']","{'change_boundary_aligned_to_evaluation_blocks': True, 'drift_calibration_excludes_target_labels': True, 'evaluation_uses_pre_update_predictions': True, 'initial_model_saw_novel_target_class_names': False, 'label_budget_respected': True, 'predictions_scored_before_updates': True, 'preprocessing_fit_on_source_only': True}",50,0.0,50,0.45150221074602503,,0.45150221074602503,0.0,paired_source_anchored_B050,prototype,1.2-decoupled-support-aware-evaluation,0.2716054916381836,0.3164566621136361,[],587.22265625,0.9949457916025485,2.0051492999773473,0.3164566621136361,,,,"mean(known-class macro-F1, novel safe-or-correct rate when novel rows occur), summarized over support-eligible evaluation blocks",E05_UNSW_paired_5seed_v015,supported_6class_capture_session_and_prevalence_shift,1.670957749981123e-05,127,NF-UNSW-NB15-v3-Historical-Pilot,3030,0.35255229412731026,4,0.5168232211537422,chronological,0.34455808785405834,0.9949303796956833,500,NF-UNSW-NB15-v3-Future-Session-Aligned-Pilot,120000,1.0,4,40,0.010234499990474433,1,240,anchored_B050,C:\Users\ASUS\raids-nids\results\runs\E05_UNSW_paired_5seed_v015__NF-UNSW-NB15-v3-Historical-Pilot-to-NF-UNSW-NB15-v3-Future-Session-Aligned-Pilot__supported_6class_capture_session_and_prevalence_shift__paired_source_anchored_B050__seed127\summary.json,C:\Users\ASUS\raids-nids\results\runs\E05_UNSW_paired_5seed_v015__NF-UNSW-NB15-v3-Historical-Pilot-to-NF-UNSW-NB15-v3-Future-Session-Aligned-Pilot__supported_6class_capture_session_and_prevalence_shift__paired_source_anchored_B050__seed127\resolved_config.yaml,source_anchored,20,True,1784381390.3294358,"{'calibration_end_window': 30, 'calibration_median': 0.0677980708430314, 'calibration_raw_mad': 0.010620907769043855, 'calibration_scaled_mad': 0.01574655785838442, 'calibration_start_window': 10, 'calibration_window_count': 20, 'consecutive_windows': 2, 'mad_multiplier': 3.0, 'mean_shift_threshold': 0.11503774441818465, 'monitoring_start_window': 30, 'one_shot': True, 'reference_end_window': 10, 'reference_mode': 'target_warmup', 'reference_start_window': 0, 'target_labels_used': False, 'threshold_method': 'median_plus_scaled_mad'}",[41],0.0,1.0,10.0,0.0004166666666666667,[41],absolute,"[{'anchor_max_alpha': 0.05, 'anchor_reliability_tau': 25.0, 'classes': {'Benign': {'alpha': 0.044092068645640074, 'cumulative_target_count': 39, 'incoming_count': 39, 'reason': 'anchored_update', 'reliability': 0.609375, 'source_anchor_weight': 500.0, 'updated': True}, 'DoS': {'alpha': 0.0, 'cumulative_target_count': 1, 'incoming_count': 1, 'reason': 'insufficient_target_support', 'updated': False}, 'Exploits': {'alpha': 0.0022950401632028557, 'cumulative_target_count': 6, 'incoming_count': 6, 'reason': 'anchored_update', 'reliability': 0.1935483870967742, 'source_anchor_weight': 500.0, 'updated': True}, 'Fuzzers': {'alpha': 0.0, 'cumulative_target_count': 2, 'incoming_count': 2, 'reason': 'insufficient_target_support', 'updated': False}, 'Generic': {'alpha': 0.0, 'cumulative_target_count': 1, 'incoming_count': 1, 'reason': 'insufficient_target_support', 'updated': False}, 'Reconnaissance': {'alpha': 0.0, 'cumulative_target_count': 1, 'incoming_count': 1, 'reason': 'insufficient_target_support', 'updated': False}}, 'minimum_target_samples_per_class': 5, 'update_rule': 'source_anchored'}]","{'Benign': 39, 'DoS': 1, 'Exploits': 6, 'Fuzzers': 2, 'Generic': 1, 'Reconnaissance': 1}",127.0
True,48,20,0.642882956084074,0.42787223242983224,,0.42787223242983224,0.31605492806678004,0.9949457916025485,,24,5000,0.0,0.6703347000002395,0.3465718193989098,0.3117238898361984,0.47114985518797636,,,0.3117238898361984,0.642882956084074,"['Benign', 'DoS', 'Exploits', 'Fuzzers', 'Generic', 'Reconnaissance']","{'change_boundary_aligned_to_evaluation_blocks': True, 'drift_calibration_excludes_target_labels': True, 'evaluation_uses_pre_update_predictions': True, 'initial_model_saw_novel_target_class_names': False, 'label_budget_respected': True, 'predictions_scored_before_updates': True, 'preprocessing_fit_on_source_only': True}",200,0.0,200,0.45097218275665296,,0.45097218275665296,0.000417366863817147,paired_source_anchored_B200,prototype,1.2-decoupled-support-aware-evaluation,0.2716054916381836,0.31605492806678004,[],587.7421875,0.9949457916025485,1.7748918999859598,0.31605492806678004,,,,"mean(known-class macro-F1, novel safe-or-correct rate when novel rows occur), summarized over support-eligible evaluation blocks",E05_UNSW_paired_5seed_v015,supported_6class_capture_session_and_prevalence_shift,1.479076583321633e-05,127,NF-UNSW-NB15-v3-Historical-Pilot,3030,0.35255229412731026,4,0.5168232211537422,chronological,0.3439188133879988,0.9949303796956833,500,NF-UNSW-NB15-v3-Future-Session-Aligned-Pilot,120000,1.0,4,40,0.0059788000071421266,1,240,anchored_B200,C:\Users\ASUS\raids-nids\results\runs\E05_UNSW_paired_5seed_v015__NF-UNSW-NB15-v3-Historical-Pilot-to-NF-UNSW-NB15-v3-Future-Session-Aligned-Pilot__supported_6class_capture_session_and_prevalence_shift__paired_source_anchored_B200__seed127\summary.json,C:\Users\ASUS\raids-nids\results\runs\E05_UNSW_paired_5seed_v015__NF-UNSW-NB15-v3-Historical-Pilot-to-NF-UNSW-NB15-v3-Future-Session-Aligned-Pilot__supported_6class_capture_session_and_prevalence_shift__paired_source_anchored_B200__seed127\resolved_config.yaml,source_anchored,20,True,1784381516.8918915,"{'calibration_end_window': 30, 'calibration_median': 0.0677980708430314, 'calibration_raw_mad': 0.010620907769043855, 'calibration_scaled_mad': 0.01574655785838442, 'calibration_start_window': 10, 'calibration_window_count': 20, 'consecutive_windows': 2, 'mad_multiplier': 3.0, 'mean_shift_threshold': 0.11503774441818465, 'monitoring_start_window': 30, 'one_shot': True, 'reference_end_window': 10, 'reference_mode': 'target_warmup', 'reference_start_window': 0, 'target_labels_used': False, 'threshold_method': 'median_plus_scaled_mad'}",[41],0.0,1.0,10.0,0.0016666666666666668,[41],absolute,"[{'anchor_max_alpha': 0.05, 'anchor_reliability_tau': 25.0, 'classes': {'Benign': {'alpha': 0.05, 'cumulative_target_count': 178, 'incoming_count': 178, 'reason': 'anchored_update', 'reliability': 0.8768472906403941, 'source_anchor_weight': 500.0, 'updated': True}, 'DoS': {'alpha': 0.0, 'cumulative_target_count': 4, 'incoming_count': 4, 'reason': 'insufficient_target_support', 'updated': False}, 'Exploits': {'alpha': 0.006577516851489455, 'cumulative_target_count': 11, 'incoming_count': 11, 'reason': 'anchored_update', 'reliability': 0.3055555555555556, 'source_anchor_weight': 500.0, 'updated': True}, 'Fuzzers': {'alpha': 0.0, 'cumulative_target_count': 4, 'incoming_count': 4, 'reason': 'insufficient_target_support', 'updated': False}, 'Generic': {'alpha': 0.0, 'cumulative_target_count': 2, 'incoming_count': 2, 'reason': 'insufficient_target_support', 'updated': False}, 'Reconnaissance': {'alpha': 0.0, 'cumulative_target_count': 1, 'incoming_count': 1, 'reason': 'insufficient_target_support', 'updated': False}}, 'minimum_target_samples_per_class': 5, 'update_rule': 'source_anchored'}]","{'Benign': 178, 'DoS': 4, 'Exploits': 11, 'Fuzzers': 4, 'Generic': 2, 'Reconnaissance': 1}",127.0
True,48,20,0.6474284541015137,0.4279441701009257,,0.4279441701009257,0.3161416917940512,0.9949457916025485,,24,5000,0.0,0.6073041000054218,0.3457083519018818,0.3118804412089758,0.47353933597338416,,,0.3118804412089758,0.6474284541015137,"['Benign', 'DoS', 'Exploits', 'Fuzzers', 'Generic', 'Reconnaissance']","{'change_boundary_aligned_to_evaluation_blocks': True, 'drift_calibration_excludes_target_labels': True, 'evaluation_uses_pre_update_predictions': True, 'initial_model_saw_novel_target_class_names': False, 'label_budget_respected': True, 'predictions_scored_before_updates': True, 'preprocessing_fit_on_source_only': True}",50,0.0,50,0.4513076611999503,,0.4513076611999503,0.002524966726408668,paired_naive_replay_B050,prototype,1.2-decoupled-support-aware-evaluation,0.27037715911865234,0.3161416917940512,[],586.578125,0.9949457916025485,1.6715972001256887,0.3161416917940512,,,,"mean(known-class macro-F1, novel safe-or-correct rate when novel rows occur), summarized over support-eligible evaluation blocks",E05_UNSW_paired_5seed_v015,supported_6class_capture_session_and_prevalence_shift,1.3929976667714073e-05,127,NF-UNSW-NB15-v3-Historical-Pilot,3030,0.35255229412731026,4,0.5168232211537422,chronological,0.34431837797481873,0.9949303796956833,500,NF-UNSW-NB15-v3-Future-Session-Aligned-Pilot,120000,1.0,4,40,0.011727700009942055,1,240,naive_B050,C:\Users\ASUS\raids-nids\results\runs\E05_UNSW_paired_5seed_v015__NF-UNSW-NB15-v3-Historical-Pilot-to-NF-UNSW-NB15-v3-Future-Session-Aligned-Pilot__supported_6class_capture_session_and_prevalence_shift__paired_naive_replay_B050__seed127\summary.json,C:\Users\ASUS\raids-nids\results\runs\E05_UNSW_paired_5seed_v015__NF-UNSW-NB15-v3-Historical-Pilot-to-NF-UNSW-NB15-v3-Future-Session-Aligned-Pilot__supported_6class_capture_session_and_prevalence_shift__paired_naive_replay_B050__seed127\resolved_config.yaml,replay,20,True,1784381328.7222486,"{'calibration_end_window': 30, 'calibration_median': 0.0677980708430314, 'calibration_raw_mad': 0.010620907769043855, 'calibration_scaled_mad': 0.01574655785838442, 'calibration_start_window': 10, 'calibration_window_count': 20, 'consecutive_windows': 2, 'mad_multiplier': 3.0, 'mean_shift_threshold': 0.11503774441818465, 'monitoring_start_window': 30, 'one_shot': True, 'reference_end_window': 10, 'reference_mode': 'target_warmup', 'reference_start_window': 0, 'target_labels_used': False, 'threshold_method': 'median_plus_scaled_mad'}",[41],0.0,1.0,10.0,0.0004166666666666667,[41],absolute,"[{'classes': {'Benign': {'final_memory_count': 500, 'incoming_count': 39}, 'DoS': {'final_memory_count': 399, 'incoming_count': 1}, 'Exploits': {'final_memory_count': 500, 'incoming_count': 6}, 'Fuzzers': {'final_memory_count': 500, 'incoming_count': 2}, 'Generic': {'final_memory_count': 387, 'incoming_count': 1}, 'Reconnaissance': {'final_memory_count': 500, 'incoming_count': 1}}, 'update_rule': 'replay'}]","{'Benign': 39, 'DoS': 1, 'Exploits': 6, 'Fuzzers': 2, 'Generic': 1, 'Reconnaissance': 1}",127.0
True,48,20,0.6369739416811775,0.4287442629859306,,0.4287442629859306,0.3171066805101293,0.9949457916025485,,24,5000,0.0,0.7148664999986067,0.3469576252406656,0.31265679750157177,0.473305006457937,,,0.31265679750157177,0.6369739416811775,"['Benign', 'DoS', 'Exploits', 'Fuzzers', 'Generic', 'Reconnaissance']","{'change_boundary_aligned_to_evaluation_blocks': True, 'drift_calibration_excludes_target_labels': True, 'evaluation_uses_pre_update_predictions': True, 'initial_model_saw_novel_target_class_names': False, 'label_budget_respected': True, 'predictions_scored_before_updates': True, 'preprocessing_fit_on_source_only': True}",200,0.0,200,0.45099321045595386,,0.45099321045595386,0.0021073346560789435,paired_naive_replay_B200,prototype,1.2-decoupled-support-aware-evaluation,0.27074337005615234,0.3171066805101293,[],589.5859375,0.9949457916025485,1.7761926999664865,0.3171066805101293,,,,"mean(known-class macro-F1, novel safe-or-correct rate when novel rows occur), summarized over support-eligible evaluation blocks",E05_UNSW_paired_5seed_v015,supported_6class_capture_session_and_prevalence_shift,1.4801605833054055e-05,127,NF-UNSW-NB15-v3-Historical-Pilot,3030,0.35255229412731026,4,0.5168232211537422,chronological,0.34393911435949825,0.9949303796956833,500,NF-UNSW-NB15-v3-Future-Session-Aligned-Pilot,120000,1.0,4,40,0.005931599996984005,1,240,naive_B200,C:\Users\ASUS\raids-nids\results\runs\E05_UNSW_paired_5seed_v015__NF-UNSW-NB15-v3-Historical-Pilot-to-NF-UNSW-NB15-v3-Future-Session-Aligned-Pilot__supported_6class_capture_session_and_prevalence_shift__paired_naive_replay_B200__seed127\summary.json,C:\Users\ASUS\raids-nids\results\runs\E05_UNSW_paired_5seed_v015__NF-UNSW-NB15-v3-Historical-Pilot-to-NF-UNSW-NB15-v3-Future-Session-Aligned-Pilot__supported_6class_capture_session_and_prevalence_shift__paired_naive_replay_B200__seed127\resolved_config.yaml,replay,20,True,1784381457.764256,"{'calibration_end_window': 30, 'calibration_median': 0.0677980708430314, 'calibration_raw_mad': 0.010620907769043855, 'calibration_scaled_mad': 0.01574655785838442, 'calibration_start_window': 10, 'calibration_window_count': 20, 'consecutive_windows': 2, 'mad_multiplier': 3.0, 'mean_shift_threshold': 0.11503774441818465, 'monitoring_start_window': 30, 'one_shot': True, 'reference_end_window': 10, 'reference_mode': 'target_warmup', 'reference_start_window': 0, 'target_labels_used': False, 'threshold_method': 'median_plus_scaled_mad'}",[41],0.0,1.0,10.0,0.0016666666666666668,[41],absolute,"[{'classes': {'Benign': {'final_memory_count': 500, 'incoming_count': 178}, 'DoS': {'final_memory_count': 402, 'incoming_count': 4}, 'Exploits': {'final_memory_count': 500, 'incoming_count': 11}, 'Fuzzers': {'final_memory_count': 500, 'incoming_count': 4}, 'Generic': {'final_memory_count': 388, 'incoming_count': 2}, 'Reconnaissance': {'final_memory_count': 500, 'incoming_count': 1}}, 'update_rule': 'replay'}]","{'Benign': 178, 'DoS': 4, 'Exploits': 11, 'Fuzzers': 4, 'Generic': 2, 'Reconnaissance': 1}",127.0
False,48,20,0.6429769518755515,0.42756292159187065,,0.42756292159187065,0.3156818695457163,0.9949457916025485,,24,5000,0.0,0.6269306000031065,0.34650312905498026,0.31149043688999833,0.47009406123285724,,,0.31149043688999833,0.6429769518755515,"['Benign', 'DoS', 'Exploits', 'Fuzzers', 'Generic', 'Reconnaissance']","{'change_boundary_aligned_to_evaluation_blocks': True, 'drift_calibration_excludes_target_labels': True, 'evaluation_uses_pre_update_predictions': True, 'initial_model_saw_novel_target_class_names': False, 'label_budget_respected': True, 'predictions_scored_before_updates': True, 'preprocessing_fit_on_source_only': True}",0,0.0,0,0.45058585735486845,,0.45058585735486845,0.0,paired_prototype_static,prototype,1.2-decoupled-support-aware-evaluation,0.269927978515625,0.3156818695457163,[],582.52734375,0.9949457916025485,1.628639700007625,0.3156818695457163,,,,"mean(known-class macro-F1, novel safe-or-correct rate when novel rows occur), summarized over support-eligible evaluation blocks",E05_UNSW_paired_5seed_v015,supported_6class_capture_session_and_prevalence_shift,1.357199750006354e-05,127,NF-UNSW-NB15-v3-Historical-Pilot,3030,0.35255229412731026,4,0.5168232211537422,chronological,0.34345286070266284,0.9949303796956833,500,NF-UNSW-NB15-v3-Future-Session-Aligned-Pilot,120000,1.0,4,40,0.0,0,240,prototype_static,C:\Users\ASUS\raids-nids\results\runs\E05_UNSW_paired_5seed_v015__NF-UNSW-NB15-v3-Historical-Pilot-to-NF-UNSW-NB15-v3-Future-Session-Aligned-Pilot__supported_6class_capture_session_and_prevalence_shift__paired_prototype_static__seed127\summary.json,C:\Users\ASUS\raids-nids\results\runs\E05_UNSW_paired_5seed_v015__NF-UNSW-NB15-v3-Historical-Pilot-to-NF-UNSW-NB15-v3-Future-Session-Aligned-Pilot__supported_6class_capture_session_and_prevalence_shift__paired_prototype_static__seed127\resolved_config.yaml,replay,20,True,1784381271.944026,"{'calibration_end_window': 30, 'calibration_median': 0.0677980708430314, 'calibration_raw_mad': 0.010620907769043855, 'calibration_scaled_mad': 0.01574655785838442, 'calibration_start_window': 10, 'calibration_window_count': 20, 'consecutive_windows': 2, 'mad_multiplier': 3.0, 'mean_shift_threshold': 0.11503774441818465, 'monitoring_start_window': 30, 'one_shot': True, 'reference_end_window': 10, 'reference_mode': 'target_warmup', 'reference_start_window': 0, 'target_labels_used': False, 'threshold_method': 'median_plus_scaled_mad'}",[41],0.0,0.0,10.0,0.0,[],absolute,[],{},127.0
True,48,20,0.6655088205415955,0.412561798991268,,0.412561798991268,0.3011367458445458,0.987902329842512,,24,5000,0.0,0.5969742000161204,0.333983120633665,0.2944124666112664,0.4192998507285208,,,0.2944124666112664,0.6655088205415955,"['Benign', 'DoS', 'Exploits', 'Fuzzers', 'Generic', 'Reconnaissance']","{'change_boundary_aligned_to_evaluation_blocks': True, 'drift_calibration_excludes_target_labels': True, 'evaluation_uses_pre_update_predictions': True, 'initial_model_saw_novel_target_class_names': False, 'label_budget_respected': True, 'predictions_scored_before_updates': True, 'preprocessing_fit_on_source_only': True}",50,0.0,50,0.4380373078940684,,0.4380373078940684,0.0,paired_source_anchored_B050,prototype,1.2-decoupled-support-aware-evaluation,0.2714223861694336,0.3011367458445458,[],585.52734375,0.987902329842512,1.6989530995488167,0.3011367458445458,,,,"mean(known-class macro-F1, novel safe-or-correct rate when novel rows occur), summarized over support-eligible evaluation blocks",E05_UNSW_paired_5seed_v015,supported_6class_capture_session_and_prevalence_shift,1.415794249624014e-05,149,NF-UNSW-NB15-v3-Historical-Pilot,3030,0.31840333840051205,4,0.48539228396277867,chronological,0.3320609140939098,0.9878742308109226,500,NF-UNSW-NB15-v3-Future-Session-Aligned-Pilot,120000,1.0,4,40,0.008126999979140237,1,240,anchored_B050,C:\Users\ASUS\raids-nids\results\runs\E05_UNSW_paired_5seed_v015__NF-UNSW-NB15-v3-Historical-Pilot-to-NF-UNSW-NB15-v3-Future-Session-Aligned-Pilot__supported_6class_capture_session_and_prevalence_shift__paired_source_anchored_B050__seed149\summary.json,C:\Users\ASUS\raids-nids\results\runs\E05_UNSW_paired_5seed_v015__NF-UNSW-NB15-v3-Historical-Pilot-to-NF-UNSW-NB15-v3-Future-Session-Aligned-Pilot__supported_6class_capture_session_and_prevalence_shift__paired_source_anchored_B050__seed149\resolved_config.yaml,source_anchored,20,True,1784381690.2773015,"{'calibration_end_window': 30, 'calibration_median': 0.06575303282326753, 'calibration_raw_mad': 0.010662310258785505, 'calibration_scaled_mad': 0.01580794118967539, 'calibration_start_window': 10, 'calibration_window_count': 20, 'consecutive_windows': 2, 'mad_multiplier': 3.0, 'mean_shift_threshold': 0.11317685639229369, 'monitoring_start_window': 30, 'one_shot': True, 'reference_end_window': 10, 'reference_mode': 'target_warmup', 'reference_start_window': 0, 'target_labels_used': False, 'threshold_method': 'median_plus_scaled_mad'}",[41],0.0,1.0,10.0,0.0004166666666666667,[41],absolute,"[{'anchor_max_alpha': 0.05, 'anchor_reliability_tau': 25.0, 'classes': {'Benign': {'alpha': 0.045584045584045586, 'cumulative_target_count': 40, 'incoming_count': 40, 'reason': 'anchored_update', 'reliability': 0.6153846153846154, 'source_anchor_weight': 500.0, 'updated': True}, 'DoS': {'alpha': 0.0, 'cumulative_target_count': 1, 'incoming_count': 1, 'reason': 'insufficient_target_support', 'updated': False}, 'Exploits': {'alpha': 0.0016501650165016502, 'cumulative_target_count': 5, 'incoming_count': 5, 'reason': 'anchored_update', 'reliability': 0.16666666666666666, 'source_anchor_weight': 500.0, 'updated': True}, 'Fuzzers': {'alpha': 0.0, 'cumulative_target_count': 2, 'incoming_count': 2, 'reason': 'insufficient_target_support', 'updated': False}, 'Generic': {'alpha': 0.0, 'cumulative_target_count': 1, 'incoming_count': 1, 'reason': 'insufficient_target_support', 'updated': False}, 'Reconnaissance': {'alpha': 0.0, 'cumulative_target_count': 1, 'incoming_count': 1, 'reason': 'insufficient_target_support', 'updated': False}}, 'minimum_target_samples_per_class': 5, 'update_rule': 'source_anchored'}]","{'Benign': 40, 'DoS': 1, 'Exploits': 5, 'Fuzzers': 2, 'Generic': 1, 'Reconnaissance': 1}",149.0
True,48,20,0.6656226879485481,0.41217457728230994,,0.41217457728230994,0.300666389578837,0.987902329842512,,24,5000,0.0,0.6661808000062592,0.33354556033896104,0.2939476410433157,0.41779916163664477,,,0.2939476410433157,0.6656226879485481,"['Benign', 'DoS', 'Exploits', 'Fuzzers', 'Generic', 'Reconnaissance']","{'change_boundary_aligned_to_evaluation_blocks': True, 'drift_calibration_excludes_target_labels': True, 'evaluation_uses_pre_update_predictions': True, 'initial_model_saw_novel_target_class_names': False, 'label_budget_respected': True, 'predictions_scored_before_updates': True, 'preprocessing_fit_on_source_only': True}",200,0.0,200,0.43768450737161185,,0.43768450737161185,0.0,paired_source_anchored_B200,prototype,1.2-decoupled-support-aware-evaluation,0.2714223861694336,0.300666389578837,[],585.0859375,0.987902329842512,1.8188312995771412,0.300666389578837,,,,"mean(known-class macro-F1, novel safe-or-correct rate when novel rows occur), summarized over support-eligible evaluation blocks",E05_UNSW_paired_5seed_v015,supported_6class_capture_session_and_prevalence_shift,1.5156927496476176e-05,149,NF-UNSW-NB15-v3-Historical-Pilot,3030,0.31840333840051205,4,0.48539228396277867,chronological,0.33163235688111514,0.9878742308109226,500,NF-UNSW-NB15-v3-Future-Session-Aligned-Pilot,120000,1.0,4,40,0.006382599996868521,1,240,anchored_B200,C:\Users\ASUS\raids-nids\results\runs\E05_UNSW_paired_5seed_v015__NF-UNSW-NB15-v3-Historical-Pilot-to-NF-UNSW-NB15-v3-Future-Session-Aligned-Pilot__supported_6class_capture_session_and_prevalence_shift__paired_source_anchored_B200__seed149\summary.json,C:\Users\ASUS\raids-nids\results\runs\E05_UNSW_paired_5seed_v015__NF-UNSW-NB15-v3-Historical-Pilot-to-NF-UNSW-NB15-v3-Future-Session-Aligned-Pilot__supported_6class_capture_session_and_prevalence_shift__paired_source_anchored_B200__seed149\resolved_config.yaml,source_anchored,20,True,1784381805.3541102,"{'calibration_end_window': 30, 'calibration_median': 0.06575303282326753, 'calibration_raw_mad': 0.010662310258785505, 'calibration_scaled_mad': 0.01580794118967539, 'calibration_start_window': 10, 'calibration_window_count': 20, 'consecutive_windows': 2, 'mad_multiplier': 3.0, 'mean_shift_threshold': 0.11317685639229369, 'monitoring_start_window': 30, 'one_shot': True, 'reference_end_window': 10, 'reference_mode': 'target_warmup', 'reference_start_window': 0, 'target_labels_used': False, 'threshold_method': 'median_plus_scaled_mad'}",[41],0.0,1.0,10.0,0.0016666666666666668,[41],absolute,"[{'anchor_max_alpha': 0.05, 'anchor_reliability_tau': 25.0, 'classes': {'Benign': {'alpha': 0.05, 'cumulative_target_count': 178, 'incoming_count': 178, 'reason': 'anchored_update', 'reliability': 0.8768472906403941, 'source_anchor_weight': 500.0, 'updated': True}, 'DoS': {'alpha': 0.0, 'cumulative_target_count': 4, 'incoming_count': 4, 'reason': 'insufficient_target_support', 'updated': False}, 'Exploits': {'alpha': 0.006577516851489455, 'cumulative_target_count': 11, 'incoming_count': 11, 'reason': 'anchored_update', 'reliability': 0.3055555555555556, 'source_anchor_weight': 500.0, 'updated': True}, 'Fuzzers': {'alpha': 0.0, 'cumulative_target_count': 4, 'incoming_count': 4, 'reason': 'insufficient_target_support', 'updated': False}, 'Generic': {'alpha': 0.0, 'cumulative_target_count': 2, 'incoming_count': 2, 'reason': 'insufficient_target_support', 'updated': False}, 'Reconnaissance': {'alpha': 0.0, 'cumulative_target_count': 1, 'incoming_count': 1, 'reason': 'insufficient_target_support', 'updated': False}}, 'minimum_target_samples_per_class': 5, 'update_rule': 'source_anchored'}]","{'Benign': 178, 'DoS': 4, 'Exploits': 11, 'Fuzzers': 4, 'Generic': 2, 'Reconnaissance': 1}",149.0
True,48,20,0.6652668738419081,0.4126384168218569,,0.4126384168218569,0.30122981313867947,0.987902329842512,,24,5000,0.0,0.6321794000105001,0.33421986587743985,0.2944485199094928,0.42318237528140523,,,0.2944485199094928,0.6652668738419081,"['Benign', 'DoS', 'Exploits', 'Fuzzers', 'Generic', 'Reconnaissance']","{'change_boundary_aligned_to_evaluation_blocks': True, 'drift_calibration_excludes_target_labels': True, 'evaluation_uses_pre_update_predictions': True, 'initial_model_saw_novel_target_class_names': False, 'label_budget_respected': True, 'predictions_scored_before_updates': True, 'preprocessing_fit_on_source_only': True}",50,0.0,50,0.43821420102108033,,0.43821420102108033,0.00019605635762071685,paired_naive_replay_B050,prototype,1.2-decoupled-support-aware-evaluation,0.27019405364990234,0.30122981313867947,[],583.68359375,0.987902329842512,1.8013560999825131,0.30122981313867947,,,,"mean(known-class macro-F1, novel safe-or-correct rate when novel rows occur), summarized over support-eligible evaluation blocks",E05_UNSW_paired_5seed_v015,supported_6class_capture_session_and_prevalence_shift,1.5011300833187609e-05,149,NF-UNSW-NB15-v3-Historical-Pilot,3030,0.31840333840051205,4,0.48539228396277867,chronological,0.3322706841629079,0.9878742308109226,500,NF-UNSW-NB15-v3-Future-Session-Aligned-Pilot,120000,1.0,4,40,0.00733689998742193,1,240,naive_B050,C:\Users\ASUS\raids-nids\results\runs\E05_UNSW_paired_5seed_v015__NF-UNSW-NB15-v3-Historical-Pilot-to-NF-UNSW-NB15-v3-Future-Session-Aligned-Pilot__supported_6class_capture_session_and_prevalence_shift__paired_naive_replay_B050__seed149\summary.json,C:\Users\ASUS\raids-nids\results\runs\E05_UNSW_paired_5seed_v015__NF-UNSW-NB15-v3-Historical-Pilot-to-NF-UNSW-NB15-v3-Future-Session-Aligned-Pilot__supported_6class_capture_session_and_prevalence_shift__paired_naive_replay_B050__seed149\resolved_config.yaml,replay,20,True,1784381632.661696,"{'calibration_end_window': 30, 'calibration_median': 0.06575303282326753, 'calibration_raw_mad': 0.010662310258785505, 'calibration_scaled_mad': 0.01580794118967539, 'calibration_start_window': 10, 'calibration_window_count': 20, 'consecutive_windows': 2, 'mad_multiplier': 3.0, 'mean_shift_threshold': 0.11317685639229369, 'monitoring_start_window': 30, 'one_shot': True, 'reference_end_window': 10, 'reference_mode': 'target_warmup', 'reference_start_window': 0, 'target_labels_used': False, 'threshold_method': 'median_plus_scaled_mad'}",[41],0.0,1.0,10.0,0.0004166666666666667,[41],absolute,"[{'classes': {'Benign': {'final_memory_count': 500, 'incoming_count': 40}, 'DoS': {'final_memory_count': 398, 'incoming_count': 1}, 'Exploits': {'final_memory_count': 500, 'incoming_count': 5}, 'Fuzzers': {'final_memory_count': 500, 'incoming_count': 2}, 'Generic': {'final_memory_count': 386, 'incoming_count': 1}, 'Reconnaissance': {'final_memory_count': 500, 'incoming_count': 1}}, 'update_rule': 'replay'}]","{'Benign': 40, 'DoS': 1, 'Exploits': 5, 'Fuzzers': 2, 'Generic': 1, 'Reconnaissance': 1}",149.0
True,48,20,0.6622408147270367,0.41363860919563095,,0.41363860919563095,0.3024447417933371,0.987902329842512,,24,5000,0.0,0.6737443000019994,0.33543073512947746,0.29580357917896266,0.4265988902072662,,,0.29580357917896266,0.6622408147270367,"['Benign', 'DoS', 'Exploits', 'Fuzzers', 'Generic', 'Reconnaissance']","{'change_boundary_aligned_to_evaluation_blocks': True, 'drift_calibration_excludes_target_labels': True, 'evaluation_uses_pre_update_predictions': True, 'initial_model_saw_novel_target_class_names': False, 'label_budget_respected': True, 'predictions_scored_before_updates': True, 'preprocessing_fit_on_source_only': True}",200,0.0,200,0.43893577880683476,,0.43893577880683476,0.0,paired_naive_replay_B200,prototype,1.2-decoupled-support-aware-evaluation,0.27056026458740234,0.3024447417933371,[],584.7109375,0.987902329842512,1.681908900209237,0.3024447417933371,,,,"mean(known-class macro-F1, novel safe-or-correct rate when novel rows occur), summarized over support-eligible evaluation blocks",E05_UNSW_paired_5seed_v015,supported_6class_capture_session_and_prevalence_shift,1.401590750174364e-05,149,NF-UNSW-NB15-v3-Historical-Pilot,3030,0.31840333840051205,4,0.48539228396277867,chronological,0.3331472060073885,0.9878742308109226,500,NF-UNSW-NB15-v3-Future-Session-Aligned-Pilot,120000,1.0,4,40,0.006376100005581975,1,240,naive_B200,C:\Users\ASUS\raids-nids\results\runs\E05_UNSW_paired_5seed_v015__NF-UNSW-NB15-v3-Historical-Pilot-to-NF-UNSW-NB15-v3-Future-Session-Aligned-Pilot__supported_6class_capture_session_and_prevalence_shift__paired_naive_replay_B200__seed149\summary.json,C:\Users\ASUS\raids-nids\results\runs\E05_UNSW_paired_5seed_v015__NF-UNSW-NB15-v3-Historical-Pilot-to-NF-UNSW-NB15-v3-Future-Session-Aligned-Pilot__supported_6class_capture_session_and_prevalence_shift__paired_naive_replay_B200__seed149\resolved_config.yaml,replay,20,True,1784381745.5699975,"{'calibration_end_window': 30, 'calibration_median': 0.06575303282326753, 'calibration_raw_mad': 0.010662310258785505, 'calibration_scaled_mad': 0.01580794118967539, 'calibration_start_window': 10, 'calibration_window_count': 20, 'consecutive_windows': 2, 'mad_multiplier': 3.0, 'mean_shift_threshold': 0.11317685639229369, 'monitoring_start_window': 30, 'one_shot': True, 'reference_end_window': 10, 'reference_mode': 'target_warmup', 'reference_start_window': 0, 'target_labels_used': False, 'threshold_method': 'median_plus_scaled_mad'}",[41],0.0,1.0,10.0,0.0016666666666666668,[41],absolute,"[{'classes': {'Benign': {'final_memory_count': 500, 'incoming_count': 178}, 'DoS': {'final_memory_count': 401, 'incoming_count': 4}, 'Exploits': {'final_memory_count': 500, 'incoming_count': 11}, 'Fuzzers': {'final_memory_count': 500, 'incoming_count': 4}, 'Generic': {'final_memory_count': 387, 'incoming_count': 2}, 'Reconnaissance': {'final_memory_count': 500, 'incoming_count': 1}}, 'update_rule': 'replay'}]","{'Benign': 178, 'DoS': 4, 'Exploits': 11, 'Fuzzers': 4, 'Generic': 2, 'Reconnaissance': 1}",149.0
False,48,20,0.6656226879485481,0.4119902165874776,,0.4119902165874776,0.30044244756846233,0.987902329842512,,24,5000,0.0,0.6594943999953102,0.3332959066539869,0.29373445950579086,0.41730907662975636,,,0.29373445950579086,0.6656226879485481,"['Benign', 'DoS', 'Exploits', 'Fuzzers', 'Generic', 'Reconnaissance']","{'change_boundary_aligned_to_evaluation_blocks': True, 'drift_calibration_excludes_target_labels': True, 'evaluation_uses_pre_update_predictions': True, 'initial_model_saw_novel_target_class_names': False, 'label_budget_respected': True, 'predictions_scored_before_updates': True, 'preprocessing_fit_on_source_only': True}",0,0.0,0,0.43742822556442934,,0.43742822556442934,0.0,paired_prototype_static,prototype,1.2-decoupled-support-aware-evaluation,0.269744873046875,0.30044244756846233,[],588.94140625,0.987902329842512,1.6758861001871992,0.30044244756846233,,,,"mean(known-class macro-F1, novel safe-or-correct rate when novel rows occur), summarized over support-eligible evaluation blocks",E05_UNSW_paired_5seed_v015,supported_6class_capture_session_and_prevalence_shift,1.3965717501559993e-05,149,NF-UNSW-NB15-v3-Historical-Pilot,3030,0.31840333840051205,4,0.48539228396277867,chronological,0.3313210438019527,0.9878742308109226,500,NF-UNSW-NB15-v3-Future-Session-Aligned-Pilot,120000,1.0,4,40,0.0,0,240,prototype_static,C:\Users\ASUS\raids-nids\results\runs\E05_UNSW_paired_5seed_v015__NF-UNSW-NB15-v3-Historical-Pilot-to-NF-UNSW-NB15-v3-Future-Session-Aligned-Pilot__supported_6class_capture_session_and_prevalence_shift__paired_prototype_static__seed149\summary.json,C:\Users\ASUS\raids-nids\results\runs\E05_UNSW_paired_5seed_v015__NF-UNSW-NB15-v3-Historical-Pilot-to-NF-UNSW-NB15-v3-Future-Session-Aligned-Pilot__supported_6class_capture_session_and_prevalence_shift__paired_prototype_static__seed149\resolved_config.yaml,replay,20,True,1784381575.0391505,"{'calibration_end_window': 30, 'calibration_median': 0.06575303282326753, 'calibration_raw_mad': 0.010662310258785505, 'calibration_scaled_mad': 0.01580794118967539, 'calibration_start_window': 10, 'calibration_window_count': 20, 'consecutive_windows': 2, 'mad_multiplier': 3.0, 'mean_shift_threshold': 0.11317685639229369, 'monitoring_start_window': 30, 'one_shot': True, 'reference_end_window': 10, 'reference_mode': 'target_warmup', 'reference_start_window': 0, 'target_labels_used': False, 'threshold_method': 'median_plus_scaled_mad'}",[41],0.0,0.0,10.0,0.0,[],absolute,[],{},149.0
